ZIP Code,Territory,TNT,UDS Zone
61043,Peru,1 Day ,6
60536,Peru,1 Day ,6
60113,Peru,1 Day ,6
61037,Peru,1 Day ,6
61091,Peru,1 Day ,6
61057,Peru,1 Day ,6
61324,Peru,1 Day ,6
61331,Peru,1 Day ,6
61374,Peru,1 Day ,6
61328,Peru,1 Day ,6
61323,Peru,1 Day ,6
61322,Peru,1 Day ,6
61317,Peru,1 Day ,6
61372,Peru,1 Day ,6
61371,Peru,1 Day ,6
60557,Peru,1 Day ,6
60474,Peru,1 Day ,6
60920,Peru,1 Day ,6
61332,Peru,1 Day ,6
61316,Peru,1 Day ,6
61359,Peru,1 Day ,6
61363,Peru,1 Day ,6
61340,Peru,1 Day ,6
61315,Peru,1 Day ,6
61338,Peru,1 Day ,6
61541,Peru,1 Day ,6
61424,Peru,1 Day ,6
61426,Peru,1 Day ,6
61638,Peru,1 Day ,6
61562,Peru,1 Day ,6
61643,Peru,1 Day ,6
61612,Peru,1 Day ,6
61613,Peru,1 Day ,6
61633,Peru,1 Day ,6
61637,Peru,1 Day ,6
61639,Peru,1 Day ,6
61636,Peru,1 Day ,6
61650,Peru,1 Day ,6
61634,Peru,1 Day ,6
61655,Peru,1 Day ,6
61656,Peru,1 Day ,6
61653,Peru,1 Day ,6
61651,Peru,1 Day ,6
61654,Peru,1 Day ,6
61601,Peru,1 Day ,6
61652,Peru,1 Day ,6
61629,Peru,1 Day ,6
61630,Peru,1 Day ,6
61641,Peru,1 Day ,6
61555,Peru,1 Day ,6
61564,Peru,1 Day ,6
61558,Peru,1 Day ,6
61758,Peru,1 Day ,6
61799,Peru,1 Day ,6
61702,Peru,1 Day ,6
61710,Peru,1 Day ,6
61791,Peru,1 Day ,6
61709,Peru,1 Day ,6
61750,Peru,1 Day ,6
61751,Peru,1 Day ,6
61539,Peru,1 Day ,6
62524,Peru,1 Day ,6
62525,Peru,1 Day ,6
62532,Peru,1 Day ,6
62537,Peru,1 Day ,6
62519,Peru,1 Day ,6
62796,Peru,1 Day ,6
62659,Peru,1 Day ,6
62705,Peru,1 Day ,6
62781,Peru,1 Day ,6
62791,Peru,1 Day ,6
62746,Peru,1 Day ,6
62769,Peru,1 Day ,6
62756,Peru,1 Day ,6
62776,Peru,1 Day ,6
62721,Peru,1 Day ,6
62715,Peru,1 Day ,6
62739,Peru,1 Day ,6
62757,Peru,1 Day ,6
62765,Peru,1 Day ,6
62706,Peru,1 Day ,6
62722,Peru,1 Day ,6
62763,Peru,1 Day ,6
62767,Peru,1 Day ,6
62736,Peru,1 Day ,6
62786,Peru,1 Day ,6
62719,Peru,1 Day ,6
62777,Peru,1 Day ,6
62761,Peru,1 Day ,6
62726,Peru,1 Day ,6
62762,Peru,1 Day ,6
62708,Peru,1 Day ,6
62794,Peru,1 Day ,6
62764,Peru,1 Day ,6
62766,Peru,1 Day ,6
62723,Peru,1 Day ,6
62716,Peru,1 Day ,6
60481,Peru,1 Day ,6
60512,Peru,1 Day ,6
60178,Peru,1 Day ,6
60410,Peru,1 Day ,6
60554,Peru,1 Day ,6
60112,Peru,1 Day ,6
60421,Peru,1 Day ,6
60111,Peru,1 Day ,6
60447,Peru,1 Day ,6
60560,Peru,1 Day ,6
60511,Peru,1 Day ,6
61052,Peru,1 Day ,6
60115,Peru,1 Day ,6
60129,Peru,1 Day ,6
61049,Peru,1 Day ,6
61020,Peru,1 Day ,6
60545,Peru,1 Day ,6
60520,Peru,1 Day ,6
60150,Peru,1 Day ,6
60935,Peru,1 Day ,6
60408,Peru,1 Day ,6
60407,Peru,1 Day ,6
60416,Peru,1 Day ,6
60556,Peru,1 Day ,6
60548,Peru,1 Day ,6
60552,Peru,1 Day ,6
61010,Peru,1 Day ,6
60541,Peru,1 Day ,6
61084,Peru,1 Day ,6
61047,Peru,1 Day ,6
61039,Peru,1 Day ,6
61007,Peru,1 Day ,6
61078,Peru,1 Day ,6
61030,Peru,1 Day ,6
61054,Peru,1 Day ,6
61061,Peru,1 Day ,6
61015,Peru,1 Day ,6
61068,Peru,1 Day ,6
60530,Peru,1 Day ,6
60550,Peru,1 Day ,6
60531,Peru,1 Day ,6
60553,Peru,1 Day ,6
61318,Peru,1 Day ,6
61378,Peru,1 Day ,6
61006,Peru,1 Day ,6
61031,Peru,1 Day ,6
61021,Peru,1 Day ,6
61064,Peru,1 Day ,6
61046,Peru,1 Day ,6
60961,Peru,1 Day ,6
60551,Peru,1 Day ,6
60444,Peru,1 Day ,6
60450,Peru,1 Day ,6
60424,Peru,1 Day ,6
60549,Peru,1 Day ,6
61353,Peru,1 Day ,6
60518,Peru,1 Day ,6
60479,Peru,1 Day ,6
61360,Peru,1 Day ,6
61341,Peru,1 Day ,6
60420,Peru,1 Day ,6
60437,Peru,1 Day ,6
60470,Peru,1 Day ,6
61313,Peru,1 Day ,6
61325,Peru,1 Day ,6
60460,Peru,1 Day ,6
61342,Peru,1 Day ,6
61310,Peru,1 Day ,6
61051,Peru,1 Day ,6
61014,Peru,1 Day ,6
61270,Peru,1 Day ,6
61250,Peru,1 Day ,6
61277,Peru,1 Day ,6
61261,Peru,1 Day ,6
61081,Peru,1 Day ,6
61071,Peru,1 Day ,6
61243,Peru,1 Day ,6
61042,Peru,1 Day ,6
61367,Peru,1 Day ,6
61330,Peru,1 Day ,6
61329,Peru,1 Day ,6
61312,Peru,1 Day ,6
61301,Peru,1 Day ,6
61373,Peru,1 Day ,6
61350,Peru,1 Day ,6
61320,Peru,1 Day ,6
61349,Peru,1 Day ,6
61376,Peru,1 Day ,6
61346,Peru,1 Day ,6
61283,Peru,1 Day ,6
61254,Peru,1 Day ,6
61235,Peru,1 Day ,6
61234,Peru,1 Day ,6
61344,Peru,1 Day ,6
61345,Peru,1 Day ,6
61314,Peru,1 Day ,6
61379,Peru,1 Day ,6
61337,Peru,1 Day ,6
61362,Peru,1 Day ,6
61354,Peru,1 Day ,6
61348,Peru,1 Day ,6
61370,Peru,1 Day ,6
61741,Peru,1 Day ,6
61319,Peru,1 Day ,6
61364,Peru,1 Day ,6
61311,Peru,1 Day ,6
61333,Peru,1 Day ,6
61743,Peru,1 Day ,6
61764,Peru,1 Day ,6
61740,Peru,1 Day ,6
61321,Peru,1 Day ,6
61335,Peru,1 Day ,6
61326,Peru,1 Day ,6
61334,Peru,1 Day ,6
61377,Peru,1 Day ,6
61739,Peru,1 Day ,6
61356,Peru,1 Day ,6
61368,Peru,1 Day ,6
61358,Peru,1 Day ,6
61726,Peru,1 Day ,6
61560,Peru,1 Day ,6
61336,Peru,1 Day ,6
61327,Peru,1 Day ,6
61537,Peru,1 Day ,6
61728,Peru,1 Day ,6
61760,Peru,1 Day ,6
61369,Peru,1 Day ,6
61375,Peru,1 Day ,6
61776,Peru,1 Day ,6
61516,Peru,1 Day ,6
61724,Peru,1 Day ,6
61761,Peru,1 Day ,6
61744,Peru,1 Day ,6
61853,Peru,1 Day ,6
61752,Peru,1 Day ,6
61748,Peru,1 Day ,6
61570,Peru,1 Day ,6
61854,Peru,1 Day ,6
61738,Peru,1 Day ,6
61565,Peru,1 Day ,6
61704,Peru,1 Day ,6
61842,Peru,1 Day ,6
61790,Peru,1 Day ,6
61771,Peru,1 Day ,6
61361,Peru,1 Day ,6
61443,Peru,1 Day ,6
61434,Peru,1 Day ,6
61449,Peru,1 Day ,6
61489,Peru,1 Day ,6
61483,Peru,1 Day ,6
61540,Peru,1 Day ,6
61421,Peru,1 Day ,6
61545,Peru,1 Day ,6
61735,Peru,1 Day ,6
61561,Peru,1 Day ,6
61729,Peru,1 Day ,6
61725,Peru,1 Day ,6
61701,Peru,1 Day ,6
61530,Peru,1 Day ,6
61611,Peru,1 Day ,6
61479,Peru,1 Day ,6
61491,Peru,1 Day ,6
61705,Peru,1 Day ,6
61736,Peru,1 Day ,6
61742,Peru,1 Day ,6
61571,Peru,1 Day ,6
61523,Peru,1 Day ,6
61526,Peru,1 Day ,6
61548,Peru,1 Day ,6
61745,Peru,1 Day ,6
61733,Peru,1 Day ,6
61772,Peru,1 Day ,6
61635,Peru,1 Day ,6
61616,Peru,1 Day ,6
61525,Peru,1 Day ,6
61777,Peru,1 Day ,6
61614,Peru,1 Day ,6
61754,Peru,1 Day ,6
61603,Peru,1 Day ,6
61606,Peru,1 Day ,6
61559,Peru,1 Day ,6
61451,Peru,1 Day ,6
61529,Peru,1 Day ,6
61572,Peru,1 Day ,6
61531,Peru,1 Day ,6
61625,Peru,1 Day ,6
61550,Peru,1 Day ,6
61615,Peru,1 Day ,6
61528,Peru,1 Day ,6
62526,Peru,1 Day ,6
61755,Peru,1 Day ,6
61602,Peru,1 Day ,6
61604,Peru,1 Day ,6
61605,Peru,1 Day ,6
61610,Peru,1 Day ,6
61535,Peru,1 Day ,6
62554,Peru,1 Day ,6
61727,Peru,1 Day ,6
61747,Peru,1 Day ,6
61517,Peru,1 Day ,6
61536,Peru,1 Day ,6
61569,Peru,1 Day ,6
61723,Peru,1 Day ,6
61547,Peru,1 Day ,6
61607,Peru,1 Day ,6
61756,Peru,1 Day ,6
61568,Peru,1 Day ,6
61554,Peru,1 Day ,6
62535,Peru,1 Day ,6
62521,Peru,1 Day ,6
62522,Peru,1 Day ,6
61734,Peru,1 Day ,6
62656,Peru,1 Day ,6
61533,Peru,1 Day ,6
62643,Peru,1 Day ,6
62635,Peru,1 Day ,6
61534,Peru,1 Day ,6
61546,Peru,1 Day ,6
61524,Peru,1 Day ,6
61520,Peru,1 Day ,6
61542,Peru,1 Day ,6
61543,Peru,1 Day ,6
61567,Peru,1 Day ,6
62644,Peru,1 Day ,6
62548,Peru,1 Day ,6
62682,Peru,1 Day ,6
61532,Peru,1 Day ,6
62634,Peru,1 Day ,6
62539,Peru,1 Day ,6
62666,Peru,1 Day ,6
62633,Peru,1 Day ,6
62693,Peru,1 Day ,6
62684,Peru,1 Day ,6
62664,Peru,1 Day ,6
62642,Peru,1 Day ,6
62561,Peru,1 Day ,6
62707,Peru,1 Day ,6
62701,Peru,1 Day ,6
62675,Peru,1 Day ,6
62702,Peru,1 Day ,6
62703,Peru,1 Day ,6
62704,Peru,1 Day ,6
62711,Peru,1 Day ,6
62712,Peru,1 Day ,6
62670,Peru,1 Day ,6
61299,Peru,1 Day ,6
61204,Peru,1 Day ,6
61266,Peru,1 Day ,6
61278,Peru,1 Day ,6
61276,Peru,1 Day ,6
61236,Peru,1 Day ,6
61233,Peru,1 Day ,6
61439,Peru,1 Day ,6
61402,Peru,1 Day ,6
61416,Peru,1 Day ,6
61553,Peru,1 Day ,6
62651,Peru,1 Day ,6
61232,Peru,1 Day ,6
61264,Peru,1 Day ,6
61201,Peru,1 Day ,6
61244,Peru,1 Day ,6
61256,Peru,1 Day ,6
61239,Peru,1 Day ,6
61282,Peru,1 Day ,6
61242,Peru,1 Day ,6
61252,Peru,1 Day ,6
61265,Peru,1 Day ,6
61263,Peru,1 Day ,6
61240,Peru,1 Day ,6
61257,Peru,1 Day ,6
61275,Peru,1 Day ,6
61281,Peru,1 Day ,6
61241,Peru,1 Day ,6
61486,Peru,1 Day ,6
61273,Peru,1 Day ,6
61274,Peru,1 Day ,6
61468,Peru,1 Day ,6
61465,Peru,1 Day ,6
61262,Peru,1 Day ,6
61413,Peru,1 Day ,6
61490,Peru,1 Day ,6
61238,Peru,1 Day ,6
61488,Peru,1 Day ,6
61414,Peru,1 Day ,6
61423,Peru,1 Day ,6
61430,Peru,1 Day ,6
61410,Peru,1 Day ,6
61467,Peru,1 Day ,6
61473,Peru,1 Day ,6
61401,Peru,1 Day ,6
61448,Peru,1 Day ,6
61438,Peru,1 Day ,6
61470,Peru,1 Day ,6
61474,Peru,1 Day ,6
61422,Peru,1 Day ,6
61455,Peru,1 Day ,6
61544,Peru,1 Day ,6
61432,Peru,1 Day ,6
61431,Peru,1 Day ,6
61427,Peru,1 Day ,6
61519,Peru,1 Day ,6
61477,Peru,1 Day ,6
61441,Peru,1 Day ,6
62523,Peru,1 Day ,6
60537,Peru,1 Day ,6
61552,Peru,1 Day ,6
61419,Peru,1 Day ,6
61258,Peru,1 Day ,6
60209,Lombard,1 Day ,2
60196,Lombard,1 Day ,2
60204,Lombard,1 Day ,2
60664,Lombard,1 Day ,2
60681,Lombard,1 Day ,2
60670,Lombard,1 Day ,2
60687,Lombard,1 Day ,2
60678,Lombard,1 Day ,2
60673,Lombard,1 Day ,2
60290,Lombard,1 Day ,2
60669,Lombard,1 Day ,2
60674,Lombard,1 Day ,2
60695,Lombard,1 Day ,2
60696,Lombard,1 Day ,2
60697,Lombard,1 Day ,2
60690,Lombard,1 Day ,2
60680,Lombard,1 Day ,2
60694,Lombard,1 Day ,2
60677,Lombard,1 Day ,2
60689,Lombard,1 Day ,2
60675,Lombard,1 Day ,2
60684,Lombard,1 Day ,2
60699,Lombard,1 Day ,2
60682,Lombard,1 Day ,2
60693,Lombard,1 Day ,2
60691,Lombard,1 Day ,2
60685,Lombard,1 Day ,2
60668,Lombard,1 Day ,2
60686,Lombard,1 Day ,2
60009,Lombard,1 Day ,2
60168,Lombard,1 Day ,2
60159,Lombard,1 Day ,2
60701,Lombard,1 Day ,2
60688,Lombard,1 Day ,2
60399,Lombard,1 Day ,2
60522,Lombard,1 Day ,2
60122,Lombard,1 Day ,2
60117,Lombard,1 Day ,2
60121,Lombard,1 Day ,2
60199,Lombard,1 Day ,2
60132,Lombard,1 Day ,2
60128,Lombard,1 Day ,2
60116,Lombard,1 Day ,2
60197,Lombard,1 Day ,2
60170,Lombard,1 Day ,2
60138,Lombard,1 Day ,2
60303,Lombard,1 Day ,2
60499,Lombard,1 Day ,2
60454,Lombard,1 Day ,2
60186,Lombard,1 Day ,2
60566,Lombard,1 Day ,2
60567,Lombard,1 Day ,2
60572,Lombard,1 Day ,2
60183,Lombard,1 Day ,2
60519,Lombard,1 Day ,2
60599,Lombard,1 Day ,2
60109,Lombard,1 Day ,2
60147,Lombard,1 Day ,2
60507,Lombard,1 Day ,2
60568,Lombard,1 Day ,2
60598,Lombard,1 Day ,2
60144,Lombard,1 Day ,2
60201,Lombard,1 Day ,2
60626,Lombard,1 Day ,2
60640,Lombard,1 Day ,2
60202,Lombard,1 Day ,2
60659,Lombard,1 Day ,2
60660,Lombard,1 Day ,2
60645,Lombard,1 Day ,2
60712,Lombard,1 Day ,2
60646,Lombard,1 Day ,2
60613,Lombard,1 Day ,2
60610,Lombard,1 Day ,2
60603,Lombard,1 Day ,2
60611,Lombard,1 Day ,2
60614,Lombard,1 Day ,2
60654,Lombard,1 Day ,2
60601,Lombard,1 Day ,2
60657,Lombard,1 Day ,2
60625,Lombard,1 Day ,2
60618,Lombard,1 Day ,2
60068,Lombard,1 Day ,2
60622,Lombard,1 Day ,2
60602,Lombard,1 Day ,2
60604,Lombard,1 Day ,2
60606,Lombard,1 Day ,2
60642,Lombard,1 Day ,2
60661,Lombard,1 Day ,2
60605,Lombard,1 Day ,2
60607,Lombard,1 Day ,2
60647,Lombard,1 Day ,2
60630,Lombard,1 Day ,2
60706,Lombard,1 Day ,2
60631,Lombard,1 Day ,2
60634,Lombard,1 Day ,2
60641,Lombard,1 Day ,2
60612,Lombard,1 Day ,2
60616,Lombard,1 Day ,2
60653,Lombard,1 Day ,2
60615,Lombard,1 Day ,2
60608,Lombard,1 Day ,2
60623,Lombard,1 Day ,2
60624,Lombard,1 Day ,2
60639,Lombard,1 Day ,2
60651,Lombard,1 Day ,2
60656,Lombard,1 Day ,2
60007,Lombard,1 Day ,2
60666,Lombard,1 Day ,2
60176,Lombard,1 Day ,2
60171,Lombard,1 Day ,2
60707,Lombard,1 Day ,2
60131,Lombard,1 Day ,2
60173,Lombard,1 Day ,2
60644,Lombard,1 Day ,2
60302,Lombard,1 Day ,2
60305,Lombard,1 Day ,2
60130,Lombard,1 Day ,2
60304,Lombard,1 Day ,2
60804,Lombard,1 Day ,2
60609,Lombard,1 Day ,2
60632,Lombard,1 Day ,2
60160,Lombard,1 Day ,2
60104,Lombard,1 Day ,2
60164,Lombard,1 Day ,2
60191,Lombard,1 Day ,2
60153,Lombard,1 Day ,2
60155,Lombard,1 Day ,2
60106,Lombard,1 Day ,2
60143,Lombard,1 Day ,2
60169,Lombard,1 Day ,2
60163,Lombard,1 Day ,2
60526,Lombard,1 Day ,2
60402,Lombard,1 Day ,2
60534,Lombard,1 Day ,2
60546,Lombard,1 Day ,2
60513,Lombard,1 Day ,2
60154,Lombard,1 Day ,2
60194,Lombard,1 Day ,2
60638,Lombard,1 Day ,2
60629,Lombard,1 Day ,2
60456,Lombard,1 Day ,2
60652,Lombard,1 Day ,2
60805,Lombard,1 Day ,2
60655,Lombard,1 Day ,2
60455,Lombard,1 Day ,2
60126,Lombard,1 Day ,2
60157,Lombard,1 Day ,2
60193,Lombard,1 Day ,2
60108,Lombard,1 Day ,2
60101,Lombard,1 Day ,2
60162,Lombard,1 Day ,2
60501,Lombard,1 Day ,2
60453,Lombard,1 Day ,2
60459,Lombard,1 Day ,2
60415,Lombard,1 Day ,2
60458,Lombard,1 Day ,2
60521,Lombard,1 Day ,2
60181,Lombard,1 Day ,2
60107,Lombard,1 Day ,2
60457,Lombard,1 Day ,2
60523,Lombard,1 Day ,2
60133,Lombard,1 Day ,2
60103,Lombard,1 Day ,2
60120,Lombard,1 Day ,2
60180,Lombard,1 Day ,2
60139,Lombard,1 Day ,2
60172,Lombard,1 Day ,2
60188,Lombard,1 Day ,2
60184,Lombard,1 Day ,2
60148,Lombard,1 Day ,2
60514,Lombard,1 Day ,2
60558,Lombard,1 Day ,2
60525,Lombard,1 Day ,2
60465,Lombard,1 Day ,2
60482,Lombard,1 Day ,2
60803,Lombard,1 Day ,2
60463,Lombard,1 Day ,2
60480,Lombard,1 Day ,2
60559,Lombard,1 Day ,2
60137,Lombard,1 Day ,2
60187,Lombard,1 Day ,2
60464,Lombard,1 Day ,2
60527,Lombard,1 Day ,2
60515,Lombard,1 Day ,2
60516,Lombard,1 Day ,2
60185,Lombard,1 Day ,2
60190,Lombard,1 Day ,2
60189,Lombard,1 Day ,2
60177,Lombard,1 Day ,2
60123,Lombard,1 Day ,2
60561,Lombard,1 Day ,2
60517,Lombard,1 Day ,2
60532,Lombard,1 Day ,2
60174,Lombard,1 Day ,2
60555,Lombard,1 Day ,2
60563,Lombard,1 Day ,2
60540,Lombard,1 Day ,2
60565,Lombard,1 Day ,2
60175,Lombard,1 Day ,2
60124,Lombard,1 Day ,2
60140,Lombard,1 Day ,2
60152,Lombard,1 Day ,2
60510,Lombard,1 Day ,2
60539,Lombard,1 Day ,2
60502,Lombard,1 Day ,2
60504,Lombard,1 Day ,2
60542,Lombard,1 Day ,2
60564,Lombard,1 Day ,2
60134,Lombard,1 Day ,2
60505,Lombard,1 Day ,2
60135,Lombard,1 Day ,2
60503,Lombard,1 Day ,2
60538,Lombard,1 Day ,2
60543,Lombard,1 Day ,2
60506,Lombard,1 Day ,2
60145,Lombard,1 Day ,2
60151,Lombard,1 Day ,2
60119,Lombard,1 Day ,2
60146,Lombard,1 Day ,2
60203,Lombard,1 Day ,2
60208,Lombard,1 Day ,2
60301,Lombard,1 Day ,2
60165,Lombard,1 Day ,2
60141,Lombard,1 Day ,2
46352,Griffith,1 Day ,5
46361,Griffith,1 Day ,5
46301,Griffith,1 Day ,5
46384,Griffith,1 Day ,5
60412,Griffith,1 Day ,5
46325,Griffith,1 Day ,5
46401,Griffith,1 Day ,5
46393,Griffith,1 Day ,5
46345,Griffith,1 Day ,5
46680,Griffith,1 Day ,5
46634,Griffith,1 Day ,5
46624,Griffith,1 Day ,5
46626,Griffith,1 Day ,5
46660,Griffith,1 Day ,5
46546,Griffith,1 Day ,5
46380,Griffith,1 Day ,5
46302,Griffith,1 Day ,5
46411,Griffith,1 Day ,5
46308,Griffith,1 Day ,5
46355,Griffith,1 Day ,5
46377,Griffith,1 Day ,5
46376,Griffith,1 Day ,5
46372,Griffith,1 Day ,5
46379,Griffith,1 Day ,5
46381,Griffith,1 Day ,5
47996,Griffith,1 Day ,5
60944,Griffith,1 Day ,5
60434,Griffith,1 Day ,5
60910,Griffith,1 Day ,5
60956,Griffith,1 Day ,5
60945,Griffith,1 Day ,5
60967,Griffith,1 Day ,5
60974,Griffith,1 Day ,5
60969,Griffith,1 Day ,5
60939,Griffith,1 Day ,5
60926,Griffith,1 Day ,5
60932,Griffith,1 Day ,5
61848,Griffith,1 Day ,5
61857,Griffith,1 Day ,5
61871,Griffith,1 Day ,5
60933,Griffith,1 Day ,5
61955,Griffith,1 Day ,5
61803,Griffith,1 Day ,5
61824,Griffith,1 Day ,5
61825,Griffith,1 Day ,5
61826,Griffith,1 Day ,5
61815,Griffith,1 Day ,5
61949,Griffith,1 Day ,5
61941,Griffith,1 Day ,5
46511,Griffith,1 Day ,5
46574,Griffith,1 Day ,5
46554,Griffith,1 Day ,5
46371,Griffith,1 Day ,5
46552,Griffith,1 Day ,5
46614,Griffith,1 Day ,5
46988,Griffith,1 Day ,5
46350,Griffith,1 Day ,5
46382,Griffith,1 Day ,5
46619,Griffith,1 Day ,5
46601,Griffith,1 Day ,5
46544,Griffith,1 Day ,5
46561,Griffith,1 Day ,5
46628,Griffith,1 Day ,5
46534,Griffith,1 Day ,5
46340,Griffith,1 Day ,5
46360,Griffith,1 Day ,5
46613,Griffith,1 Day ,5
46545,Griffith,1 Day ,5
46978,Griffith,1 Day ,5
46391,Griffith,1 Day ,5
46617,Griffith,1 Day ,5
46615,Griffith,1 Day ,5
46635,Griffith,1 Day ,5
46637,Griffith,1 Day ,5
46556,Griffith,1 Day ,5
46616,Griffith,1 Day ,5
46985,Griffith,1 Day ,5
46304,Griffith,1 Day ,5
46390,Griffith,1 Day ,5
46530,Griffith,1 Day ,5
46947,Griffith,1 Day ,5
46348,Griffith,1 Day ,5
46374,Griffith,1 Day ,5
46368,Griffith,1 Day ,5
60649,Griffith,1 Day ,5
60637,Griffith,1 Day ,5
60619,Griffith,1 Day ,5
60621,Griffith,1 Day ,5
60636,Griffith,1 Day ,5
60620,Griffith,1 Day ,5
60419,Griffith,1 Day ,5
60617,Griffith,1 Day ,5
46394,Griffith,1 Day ,5
46320,Griffith,1 Day ,5
46312,Griffith,1 Day ,5
46406,Griffith,1 Day ,5
46402,Griffith,1 Day ,5
46403,Griffith,1 Day ,5
46342,Griffith,1 Day ,5
46405,Griffith,1 Day ,5
46407,Griffith,1 Day ,5
46404,Griffith,1 Day ,5
46323,Griffith,1 Day ,5
46327,Griffith,1 Day ,5
60633,Griffith,1 Day ,5
60643,Griffith,1 Day ,5
60628,Griffith,1 Day ,5
60409,Griffith,1 Day ,5
46324,Griffith,1 Day ,5
46322,Griffith,1 Day ,5
46408,Griffith,1 Day ,5
46409,Griffith,1 Day ,5
46410,Griffith,1 Day ,5
46319,Griffith,1 Day ,5
46375,Griffith,1 Day ,5
60438,Griffith,1 Day ,5
60473,Griffith,1 Day ,5
60827,Griffith,1 Day ,5
60472,Griffith,1 Day ,5
60406,Griffith,1 Day ,5
60426,Griffith,1 Day ,5
60476,Griffith,1 Day ,5
46321,Griffith,1 Day ,5
60425,Griffith,1 Day ,5
60469,Griffith,1 Day ,5
60445,Griffith,1 Day ,5
60452,Griffith,1 Day ,5
60428,Griffith,1 Day ,5
60430,Griffith,1 Day ,5
60422,Griffith,1 Day ,5
60411,Griffith,1 Day ,5
46373,Griffith,1 Day ,5
46307,Griffith,1 Day ,5
46341,Griffith,1 Day ,5
46366,Griffith,1 Day ,5
46383,Griffith,1 Day ,5
46385,Griffith,1 Day ,5
46347,Griffith,1 Day ,5
46929,Griffith,1 Day ,5
46996,Griffith,1 Day ,5
46392,Griffith,1 Day ,5
47926,Griffith,1 Day ,5
47950,Griffith,1 Day ,5
47959,Griffith,1 Day ,5
46310,Griffith,1 Day ,5
46311,Griffith,1 Day ,5
60429,Griffith,1 Day ,5
60462,Griffith,1 Day ,5
60439,Griffith,1 Day ,5
60467,Griffith,1 Day ,5
60487,Griffith,1 Day ,5
60477,Griffith,1 Day ,5
60461,Griffith,1 Day ,5
60475,Griffith,1 Day ,5
60466,Griffith,1 Day ,5
60478,Griffith,1 Day ,5
60443,Griffith,1 Day ,5
60471,Griffith,1 Day ,5
60484,Griffith,1 Day ,5
60417,Griffith,1 Day ,5
60449,Griffith,1 Day ,5
60401,Griffith,1 Day ,5
46303,Griffith,1 Day ,5
46356,Griffith,1 Day ,5
47946,Griffith,1 Day ,5
47960,Griffith,1 Day ,5
46923,Griffith,1 Day ,5
46349,Griffith,1 Day ,5
47923,Griffith,1 Day ,5
60423,Griffith,1 Day ,5
60448,Griffith,1 Day ,5
60440,Griffith,1 Day ,5
60451,Griffith,1 Day ,5
60441,Griffith,1 Day ,5
60491,Griffith,1 Day ,5
47978,Griffith,1 Day ,5
47995,Griffith,1 Day ,5
47977,Griffith,1 Day ,5
60468,Griffith,1 Day ,5
60585,Griffith,1 Day ,5
60403,Griffith,1 Day ,5
60490,Griffith,1 Day ,5
60446,Griffith,1 Day ,5
47906,Griffith,1 Day ,5
60940,Griffith,1 Day ,5
60432,Griffith,1 Day ,5
47907,Griffith,1 Day ,5
47948,Griffith,1 Day ,5
60433,Griffith,1 Day ,5
60435,Griffith,1 Day ,5
60586,Griffith,1 Day ,5
60442,Griffith,1 Day ,5
60436,Griffith,1 Day ,5
60954,Griffith,1 Day ,5
60958,Griffith,1 Day ,5
60431,Griffith,1 Day ,5
60404,Griffith,1 Day ,5
60544,Griffith,1 Day ,5
47951,Griffith,1 Day ,5
47963,Griffith,1 Day ,5
60964,Griffith,1 Day ,5
60912,Griffith,1 Day ,5
60931,Griffith,1 Day ,5
60914,Griffith,1 Day ,5
60915,Griffith,1 Day ,5
60950,Griffith,1 Day ,5
47971,Griffith,1 Day ,5
47942,Griffith,1 Day ,5
47970,Griffith,1 Day ,5
60966,Griffith,1 Day ,5
60927,Griffith,1 Day ,5
47944,Griffith,1 Day ,5
47918,Griffith,1 Day ,5
60901,Griffith,1 Day ,5
60951,Griffith,1 Day ,5
60913,Griffith,1 Day ,5
60911,Griffith,1 Day ,5
60922,Griffith,1 Day ,5
47917,Griffith,1 Day ,5
60970,Griffith,1 Day ,5
60942,Griffith,1 Day ,5
60928,Griffith,1 Day ,5
60941,Griffith,1 Day ,5
60973,Griffith,1 Day ,5
60917,Griffith,1 Day ,5
60919,Griffith,1 Day ,5
60953,Griffith,1 Day ,5
60938,Griffith,1 Day ,5
60955,Griffith,1 Day ,5
60930,Griffith,1 Day ,5
61811,Griffith,1 Day ,5
61814,Griffith,1 Day ,5
47932,Griffith,1 Day ,5
60963,Griffith,1 Day ,5
60968,Griffith,1 Day ,5
60924,Griffith,1 Day ,5
60929,Griffith,1 Day ,5
60948,Griffith,1 Day ,5
60959,Griffith,1 Day ,5
61865,Griffith,1 Day ,5
61834,Griffith,1 Day ,5
61833,Griffith,1 Day ,5
60960,Griffith,1 Day ,5
60918,Griffith,1 Day ,5
61832,Griffith,1 Day ,5
60962,Griffith,1 Day ,5
61831,Griffith,1 Day ,5
61883,Griffith,1 Day ,5
61858,Griffith,1 Day ,5
60921,Griffith,1 Day ,5
61862,Griffith,1 Day ,5
60952,Griffith,1 Day ,5
61812,Griffith,1 Day ,5
61817,Griffith,1 Day ,5
60949,Griffith,1 Day ,5
61844,Griffith,1 Day ,5
61847,Griffith,1 Day ,5
60957,Griffith,1 Day ,5
60936,Griffith,1 Day ,5
61873,Griffith,1 Day ,5
61841,Griffith,1 Day ,5
61859,Griffith,1 Day ,5
61849,Griffith,1 Day ,5
61866,Griffith,1 Day ,5
61878,Griffith,1 Day ,5
61802,Griffith,1 Day ,5
61840,Griffith,1 Day ,5
61843,Griffith,1 Day ,5
61801,Griffith,1 Day ,5
61820,Griffith,1 Day ,5
61821,Griffith,1 Day ,5
61822,Griffith,1 Day ,5
61874,Griffith,1 Day ,5
61131,Machesney Park,1 Day ,4
61105,Machesney Park,1 Day ,4
61130,Machesney Park,1 Day ,4
61126,Machesney Park,1 Day ,4
61132,Machesney Park,1 Day ,4
61125,Machesney Park,1 Day ,4
61110,Machesney Park,1 Day ,4
61106,Machesney Park,1 Day ,4
61077,Machesney Park,1 Day ,4
61013,Machesney Park,1 Day ,4
61027,Machesney Park,1 Day ,4
61012,Machesney Park,1 Day ,4
61080,Machesney Park,1 Day ,4
61038,Machesney Park,1 Day ,4
61065,Machesney Park,1 Day ,4
61011,Machesney Park,1 Day ,4
61073,Machesney Park,1 Day ,4
61008,Machesney Park,1 Day ,4
61112,Machesney Park,1 Day ,4
61115,Machesney Park,1 Day ,4
61114,Machesney Park,1 Day ,4
61111,Machesney Park,1 Day ,4
61072,Machesney Park,1 Day ,4
61107,Machesney Park,1 Day ,4
61103,Machesney Park,1 Day ,4
61101,Machesney Park,1 Day ,4
61104,Machesney Park,1 Day ,4
61108,Machesney Park,1 Day ,4
61016,Machesney Park,1 Day ,4
61024,Machesney Park,1 Day ,4
61109,Machesney Park,1 Day ,4
61019,Machesney Park,1 Day ,4
61070,Machesney Park,1 Day ,4
61102,Machesney Park,1 Day ,4
61018,Machesney Park,1 Day ,4
61088,Machesney Park,1 Day ,4
61063,Machesney Park,1 Day ,4
61067,Machesney Park,1 Day ,4
61060,Machesney Park,1 Day ,4
61032,Machesney Park,1 Day ,4
53547,Madison,1 Day ,8
53537,Madison,1 Day ,8
53590,Madison,1 Day ,8
53598,Madison,1 Day ,8
53532,Madison,1 Day ,8
53714,Madison,1 Day ,8
53527,Madison,1 Day ,8
53718,Madison,1 Day ,8
53716,Madison,1 Day ,8
53597,Madison,1 Day ,8
53703,Madison,1 Day ,8
53704,Madison,1 Day ,8
53715,Madison,1 Day ,8
53558,Madison,1 Day ,8
53546,Madison,1 Day ,8
53706,Madison,1 Day ,8
53545,Madison,1 Day ,8
53726,Madison,1 Day ,8
53711,Madison,1 Day ,8
53713,Madison,1 Day ,8
53705,Madison,1 Day ,8
53562,Madison,1 Day ,8
53717,Madison,1 Day ,8
53719,Madison,1 Day ,8
60075,Waukegan,1 Day ,3
60079,Waukegan,1 Day ,3
60086,Waukegan,1 Day ,3
60049,Waukegan,1 Day ,3
60065,Waukegan,1 Day ,3
60019,Waukegan,1 Day ,3
60095,Waukegan,1 Day ,3
60094,Waukegan,1 Day ,3
60055,Waukegan,1 Day ,3
60078,Waukegan,1 Day ,3
60038,Waukegan,1 Day ,3
60006,Waukegan,1 Day ,3
60017,Waukegan,1 Day ,3
60039,Waukegan,1 Day ,3
60179,Waukegan,1 Day ,3
60037,Waukegan,1 Day ,3
53143,Waukegan,1 Day ,3
60096,Waukegan,1 Day ,3
53158,Waukegan,1 Day ,3
53142,Waukegan,1 Day ,3
60099,Waukegan,1 Day ,3
60083,Waukegan,1 Day ,3
60087,Waukegan,1 Day ,3
60044,Waukegan,1 Day ,3
60031,Waukegan,1 Day ,3
60046,Waukegan,1 Day ,3
60085,Waukegan,1 Day ,3
60064,Waukegan,1 Day ,3
60088,Waukegan,1 Day ,3
60015,Waukegan,1 Day ,3
60045,Waukegan,1 Day ,3
60035,Waukegan,1 Day ,3
60022,Waukegan,1 Day ,3
60043,Waukegan,1 Day ,3
60091,Waukegan,1 Day ,3
60093,Waukegan,1 Day ,3
60026,Waukegan,1 Day ,3
60048,Waukegan,1 Day ,3
60002,Waukegan,1 Day ,3
60030,Waukegan,1 Day ,3
60076,Waukegan,1 Day ,3
60029,Waukegan,1 Day ,3
60061,Waukegan,1 Day ,3
60060,Waukegan,1 Day ,3
60050,Waukegan,1 Day ,3
60081,Waukegan,1 Day ,3
60020,Waukegan,1 Day ,3
60069,Waukegan,1 Day ,3
60047,Waukegan,1 Day ,3
60084,Waukegan,1 Day ,3
60041,Waukegan,1 Day ,3
60077,Waukegan,1 Day ,3
60053,Waukegan,1 Day ,3
60025,Waukegan,1 Day ,3
60062,Waukegan,1 Day ,3
60090,Waukegan,1 Day ,3
60070,Waukegan,1 Day ,3
60089,Waukegan,1 Day ,3
60073,Waukegan,1 Day ,3
60072,Waukegan,1 Day ,3
60074,Waukegan,1 Day ,3
60071,Waukegan,1 Day ,3
60714,Waukegan,1 Day ,3
60016,Waukegan,1 Day ,3
60004,Waukegan,1 Day ,3
60042,Waukegan,1 Day ,3
60018,Waukegan,1 Day ,3
60005,Waukegan,1 Day ,3
60008,Waukegan,1 Day ,3
60051,Waukegan,1 Day ,3
60056,Waukegan,1 Day ,3
60067,Waukegan,1 Day ,3
60195,Waukegan,1 Day ,3
60097,Waukegan,1 Day ,3
60034,Waukegan,1 Day ,3
60021,Waukegan,1 Day ,3
60013,Waukegan,1 Day ,3
60012,Waukegan,1 Day ,3
60010,Waukegan,1 Day ,3
60098,Waukegan,1 Day ,3
60102,Waukegan,1 Day ,3
60014,Waukegan,1 Day ,3
60118,Waukegan,1 Day ,3
60192,Waukegan,1 Day ,3
60110,Waukegan,1 Day ,3
60156,Waukegan,1 Day ,3
60136,Waukegan,1 Day ,3
60033,Waukegan,1 Day ,3
60142,Waukegan,1 Day ,3
60040,Waukegan,1 Day ,3
60082,Waukegan,1 Day ,3
53154,Milwaukee,1 Day ,8
53110,Milwaukee,1 Day ,8
53221,Milwaukee,1 Day ,8
53129,Milwaukee,1 Day ,8
53213,Milwaukee,1 Day ,8
53219,Milwaukee,1 Day ,8
53220,Milwaukee,1 Day ,8
53208,Milwaukee,1 Day ,8
53207,Milwaukee,1 Day ,8
53172,Milwaukee,1 Day ,8
53215,Milwaukee,1 Day ,8
53228,Milwaukee,1 Day ,8
53222,Milwaukee,1 Day ,8
53005,Milwaukee,1 Day ,8
53204,Milwaukee,1 Day ,8
53235,Milwaukee,1 Day ,8
53202,Milwaukee,1 Day ,8
53205,Milwaukee,1 Day ,8
53203,Milwaukee,1 Day ,8
53212,Milwaukee,1 Day ,8
53211,Milwaukee,1 Day ,8
53132,Milwaukee,1 Day ,8
53226,Milwaukee,1 Day ,8
53214,Milwaukee,1 Day ,8
53227,Milwaukee,1 Day ,8
53122,Milwaukee,1 Day ,8
53233,Milwaukee,1 Day ,8
53206,Milwaukee,1 Day ,8
53210,Milwaukee,1 Day ,8
53130,Milwaukee,1 Day ,8
53216,Milwaukee,1 Day ,8
53045,Milwaukee,1 Day ,8
53151,Milwaukee,1 Day ,8
53146,Milwaukee,1 Day ,8
47375,Indianapolis,1 Day ,7
47308,Indianapolis,1 Day ,7
46959,Indianapolis,1 Day ,7
46904,Indianapolis,1 Day ,7
46903,Indianapolis,1 Day ,7
46995,Indianapolis,1 Day ,7
47307,Indianapolis,1 Day ,7
47337,Indianapolis,1 Day ,7
46154,Indianapolis,1 Day ,7
46915,Indianapolis,1 Day ,7
47263,Indianapolis,1 Day ,7
46061,Indianapolis,1 Day ,7
47924,Indianapolis,1 Day ,7
46082,Indianapolis,1 Day ,7
46291,Indianapolis,1 Day ,7
46298,Indianapolis,1 Day ,7
46275,Indianapolis,1 Day ,7
46274,Indianapolis,1 Day ,7
47903,Indianapolis,1 Day ,7
46277,Indianapolis,1 Day ,7
47902,Indianapolis,1 Day ,7
46253,Indianapolis,1 Day ,7
46244,Indianapolis,1 Day ,7
46296,Indianapolis,1 Day ,7
46295,Indianapolis,1 Day ,7
46283,Indianapolis,1 Day ,7
46282,Indianapolis,1 Day ,7
46266,Indianapolis,1 Day ,7
46255,Indianapolis,1 Day ,7
46206,Indianapolis,1 Day ,7
46285,Indianapolis,1 Day ,7
46242,Indianapolis,1 Day ,7
46251,Indianapolis,1 Day ,7
46247,Indianapolis,1 Day ,7
46183,Indianapolis,1 Day ,7
47280,Indianapolis,1 Day ,7
47202,Indianapolis,1 Day ,7
47935,Indianapolis,1 Day ,7
47939,Indianapolis,1 Day ,7
47934,Indianapolis,1 Day ,7
47938,Indianapolis,1 Day ,7
47937,Indianapolis,1 Day ,7
47936,Indianapolis,1 Day ,7
46103,Indianapolis,1 Day ,7
47407,Indianapolis,1 Day ,7
46170,Indianapolis,1 Day ,7
47402,Indianapolis,1 Day ,7
47199,Indianapolis,1 Day ,7
47131,Indianapolis,1 Day ,7
47812,Indianapolis,1 Day ,7
47811,Indianapolis,1 Day ,7
47801,Indianapolis,1 Day ,7
47808,Indianapolis,1 Day ,7
47845,Indianapolis,1 Day ,7
47596,Indianapolis,1 Day ,7
47547,Indianapolis,1 Day ,7
47549,Indianapolis,1 Day ,7
47374,Indianapolis,1 Day ,7
47353,Indianapolis,1 Day ,7
47340,Indianapolis,1 Day ,7
47394,Indianapolis,1 Day ,7
47327,Indianapolis,1 Day ,7
47303,Indianapolis,1 Day ,7
47305,Indianapolis,1 Day ,7
47302,Indianapolis,1 Day ,7
47304,Indianapolis,1 Day ,7
47330,Indianapolis,1 Day ,7
47346,Indianapolis,1 Day ,7
47396,Indianapolis,1 Day ,7
47334,Indianapolis,1 Day ,7
47356,Indianapolis,1 Day ,7
47387,Indianapolis,1 Day ,7
47331,Indianapolis,1 Day ,7
47352,Indianapolis,1 Day ,7
47362,Indianapolis,1 Day ,7
46936,Indianapolis,1 Day ,7
47385,Indianapolis,1 Day ,7
46056,Indianapolis,1 Day ,7
46127,Indianapolis,1 Day ,7
46031,Indianapolis,1 Day ,7
47012,Indianapolis,1 Day ,7
46148,Indianapolis,1 Day ,7
46186,Indianapolis,1 Day ,7
46051,Indianapolis,1 Day ,7
46902,Indianapolis,1 Day ,7
46901,Indianapolis,1 Day ,7
46117,Indianapolis,1 Day ,7
46068,Indianapolis,1 Day ,7
46064,Indianapolis,1 Day ,7
46040,Indianapolis,1 Day ,7
46173,Indianapolis,1 Day ,7
46060,Indianapolis,1 Day ,7
46034,Indianapolis,1 Day ,7
46979,Indianapolis,1 Day ,7
46072,Indianapolis,1 Day ,7
46104,Indianapolis,1 Day ,7
46037,Indianapolis,1 Day ,7
46161,Indianapolis,1 Day ,7
46140,Indianapolis,1 Day ,7
46030,Indianapolis,1 Day ,7
46062,Indianapolis,1 Day ,7
46156,Indianapolis,1 Day ,7
47006,Indianapolis,1 Day ,7
46038,Indianapolis,1 Day ,7
46057,Indianapolis,1 Day ,7
46055,Indianapolis,1 Day ,7
46065,Indianapolis,1 Day ,7
46216,Indianapolis,1 Day ,7
46163,Indianapolis,1 Day ,7
46236,Indianapolis,1 Day ,7
46033,Indianapolis,1 Day ,7
46256,Indianapolis,1 Day ,7
46069,Indianapolis,1 Day ,7
46229,Indianapolis,1 Day ,7
46235,Indianapolis,1 Day ,7
46250,Indianapolis,1 Day ,7
47240,Indianapolis,1 Day ,7
46280,Indianapolis,1 Day ,7
46290,Indianapolis,1 Day ,7
46226,Indianapolis,1 Day ,7
46130,Indianapolis,1 Day ,7
46074,Indianapolis,1 Day ,7
47272,Indianapolis,1 Day ,7
46032,Indianapolis,1 Day ,7
46058,Indianapolis,1 Day ,7
46240,Indianapolis,1 Day ,7
46260,Indianapolis,1 Day ,7
46239,Indianapolis,1 Day ,7
46219,Indianapolis,1 Day ,7
46182,Indianapolis,1 Day ,7
46041,Indianapolis,1 Day ,7
46050,Indianapolis,1 Day ,7
46201,Indianapolis,1 Day ,7
46220,Indianapolis,1 Day ,7
46126,Indianapolis,1 Day ,7
46218,Indianapolis,1 Day ,7
46205,Indianapolis,1 Day ,7
46208,Indianapolis,1 Day ,7
46202,Indianapolis,1 Day ,7
46204,Indianapolis,1 Day ,7
46259,Indianapolis,1 Day ,7
46203,Indianapolis,1 Day ,7
46222,Indianapolis,1 Day ,7
46268,Indianapolis,1 Day ,7
46228,Indianapolis,1 Day ,7
46075,Indianapolis,1 Day ,7
46077,Indianapolis,1 Day ,7
46107,Indianapolis,1 Day ,7
47904,Indianapolis,1 Day ,7
46278,Indianapolis,1 Day ,7
47901,Indianapolis,1 Day ,7
46225,Indianapolis,1 Day ,7
46224,Indianapolis,1 Day ,7
46237,Indianapolis,1 Day ,7
46254,Indianapolis,1 Day ,7
47905,Indianapolis,1 Day ,7
46176,Indianapolis,1 Day ,7
46184,Indianapolis,1 Day ,7
46227,Indianapolis,1 Day ,7
46214,Indianapolis,1 Day ,7
47246,Indianapolis,1 Day ,7
47232,Indianapolis,1 Day ,7
47244,Indianapolis,1 Day ,7
47283,Indianapolis,1 Day ,7
47909,Indianapolis,1 Day ,7
46052,Indianapolis,1 Day ,7
46131,Indianapolis,1 Day ,7
46217,Indianapolis,1 Day ,7
46234,Indianapolis,1 Day ,7
46112,Indianapolis,1 Day ,7
46124,Indianapolis,1 Day ,7
46147,Indianapolis,1 Day ,7
46221,Indianapolis,1 Day ,7
47940,Indianapolis,1 Day ,7
46113,Indianapolis,1 Day ,7
46241,Indianapolis,1 Day ,7
46142,Indianapolis,1 Day ,7
46143,Indianapolis,1 Day ,7
46071,Indianapolis,1 Day ,7
47203,Indianapolis,1 Day ,7
46231,Indianapolis,1 Day ,7
46123,Indianapolis,1 Day ,7
46167,Indianapolis,1 Day ,7
46168,Indianapolis,1 Day ,7
46106,Indianapolis,1 Day ,7
47981,Indianapolis,1 Day ,7
47954,Indianapolis,1 Day ,7
46111,Indianapolis,1 Day ,7
46158,Indianapolis,1 Day ,7
46181,Indianapolis,1 Day ,7
47968,Indianapolis,1 Day ,7
46122,Indianapolis,1 Day ,7
46118,Indianapolis,1 Day ,7
46165,Indianapolis,1 Day ,7
46164,Indianapolis,1 Day ,7
47201,Indianapolis,1 Day ,7
46160,Indianapolis,1 Day ,7
46157,Indianapolis,1 Day ,7
46180,Indianapolis,1 Day ,7
46151,Indianapolis,1 Day ,7
46121,Indianapolis,1 Day ,7
47933,Indianapolis,1 Day ,7
46128,Indianapolis,1 Day ,7
46105,Indianapolis,1 Day ,7
47468,Indianapolis,1 Day ,7
46172,Indianapolis,1 Day ,7
47408,Indianapolis,1 Day ,7
46120,Indianapolis,1 Day ,7
47859,Indianapolis,1 Day ,7
46166,Indianapolis,1 Day ,7
47448,Indianapolis,1 Day ,7
47872,Indianapolis,1 Day ,7
46135,Indianapolis,1 Day ,7
47405,Indianapolis,1 Day ,7
47406,Indianapolis,1 Day ,7
47404,Indianapolis,1 Day ,7
47456,Indianapolis,1 Day ,7
47429,Indianapolis,1 Day ,7
46171,Indianapolis,1 Day ,7
47433,Indianapolis,1 Day ,7
47862,Indianapolis,1 Day ,7
47460,Indianapolis,1 Day ,7
47401,Indianapolis,1 Day ,7
47868,Indianapolis,1 Day ,7
47431,Indianapolis,1 Day ,7
47403,Indianapolis,1 Day ,7
47833,Indianapolis,1 Day ,7
47834,Indianapolis,1 Day ,7
47805,Indianapolis,1 Day ,7
47803,Indianapolis,1 Day ,7
47874,Indianapolis,1 Day ,7
47807,Indianapolis,1 Day ,7
47804,Indianapolis,1 Day ,7
47809,Indianapolis,1 Day ,7
47306,Indianapolis,1 Day ,7
46048,Indianapolis,1 Day ,7
46971,FT Wayne,1 Day ,7
46595,FT Wayne,1 Day ,7
46581,FT Wayne,1 Day ,7
46015,FT Wayne,1 Day ,7
46799,FT Wayne,1 Day ,7
46018,FT Wayne,1 Day ,7
46014,FT Wayne,1 Day ,7
46899,FT Wayne,1 Day ,7
46897,FT Wayne,1 Day ,7
46898,FT Wayne,1 Day ,7
46869,FT Wayne,1 Day ,7
46896,FT Wayne,1 Day ,7
46868,FT Wayne,1 Day ,7
46867,FT Wayne,1 Day ,7
46866,FT Wayne,1 Day ,7
46865,FT Wayne,1 Day ,7
46864,FT Wayne,1 Day ,7
46863,FT Wayne,1 Day ,7
46862,FT Wayne,1 Day ,7
46861,FT Wayne,1 Day ,7
46860,FT Wayne,1 Day ,7
46859,FT Wayne,1 Day ,7
46858,FT Wayne,1 Day ,7
46857,FT Wayne,1 Day ,7
46856,FT Wayne,1 Day ,7
46855,FT Wayne,1 Day ,7
46854,FT Wayne,1 Day ,7
46853,FT Wayne,1 Day ,7
46852,FT Wayne,1 Day ,7
46851,FT Wayne,1 Day ,7
46850,FT Wayne,1 Day ,7
46801,FT Wayne,1 Day ,7
46895,FT Wayne,1 Day ,7
46885,FT Wayne,1 Day ,7
46989,FT Wayne,1 Day ,7
46953,FT Wayne,1 Day ,7
46702,FT Wayne,1 Day ,7
46933,FT Wayne,1 Day ,7
46928,FT Wayne,1 Day ,7
46792,FT Wayne,1 Day ,7
46952,FT Wayne,1 Day ,7
46992,FT Wayne,1 Day ,7
46962,FT Wayne,1 Day ,7
46787,FT Wayne,1 Day ,7
46919,FT Wayne,1 Day ,7
46750,FT Wayne,1 Day ,7
46001,FT Wayne,1 Day ,7
46910,FT Wayne,1 Day ,7
46926,FT Wayne,1 Day ,7
46539,FT Wayne,1 Day ,7
46510,FT Wayne,1 Day ,7
46986,FT Wayne,1 Day ,7
46562,FT Wayne,1 Day ,7
46714,FT Wayne,1 Day ,7
46740,FT Wayne,1 Day ,7
46012,FT Wayne,1 Day ,7
46725,FT Wayne,1 Day ,7
46783,FT Wayne,1 Day ,7
46016,FT Wayne,1 Day ,7
46970,FT Wayne,1 Day ,7
46570,FT Wayne,1 Day ,7
46504,FT Wayne,1 Day ,7
46975,FT Wayne,1 Day ,7
46563,FT Wayne,1 Day ,7
46536,FT Wayne,1 Day ,7
46506,FT Wayne,1 Day ,7
46550,FT Wayne,1 Day ,7
46531,FT Wayne,1 Day ,7
46532,FT Wayne,1 Day ,7
46590,FT Wayne,1 Day ,7
46580,FT Wayne,1 Day ,7
46582,FT Wayne,1 Day ,7
46770,FT Wayne,1 Day ,7
46791,FT Wayne,1 Day ,7
46017,FT Wayne,1 Day ,7
46542,FT Wayne,1 Day ,7
46573,FT Wayne,1 Day ,7
46538,FT Wayne,1 Day ,7
46914,FT Wayne,1 Day ,7
46517,FT Wayne,1 Day ,7
46567,FT Wayne,1 Day ,7
46514,FT Wayne,1 Day ,7
46555,FT Wayne,1 Day ,7
46733,FT Wayne,1 Day ,7
46553,FT Wayne,1 Day ,7
46814,FT Wayne,1 Day ,7
46036,FT Wayne,1 Day ,7
46516,FT Wayne,1 Day ,7
46804,FT Wayne,1 Day ,7
46044,FT Wayne,1 Day ,7
46528,FT Wayne,1 Day ,7
46011,FT Wayne,1 Day ,7
46013,FT Wayne,1 Day ,7
46818,FT Wayne,1 Day ,7
46819,FT Wayne,1 Day ,7
46701,FT Wayne,1 Day ,7
46809,FT Wayne,1 Day ,7
46711,FT Wayne,1 Day ,7
46526,FT Wayne,1 Day ,7
46507,FT Wayne,1 Day ,7
46540,FT Wayne,1 Day ,7
46767,FT Wayne,1 Day ,7
46723,FT Wayne,1 Day ,7
46802,FT Wayne,1 Day ,7
46816,FT Wayne,1 Day ,7
46807,FT Wayne,1 Day ,7
46806,FT Wayne,1 Day ,7
46808,FT Wayne,1 Day ,7
46565,FT Wayne,1 Day ,7
46805,FT Wayne,1 Day ,7
46815,FT Wayne,1 Day ,7
46803,FT Wayne,1 Day ,7
46825,FT Wayne,1 Day ,7
46835,FT Wayne,1 Day ,7
46763,FT Wayne,1 Day ,7
46755,FT Wayne,1 Day ,7
46774,FT Wayne,1 Day ,7
46761,FT Wayne,1 Day ,7
46773,FT Wayne,1 Day ,7
46738,FT Wayne,1 Day ,7
46845,FT Wayne,1 Day ,7
46741,FT Wayne,1 Day ,7
46765,FT Wayne,1 Day ,7
46706,FT Wayne,1 Day ,7
46795,FT Wayne,1 Day ,7
46785,FT Wayne,1 Day ,7
46705,FT Wayne,1 Day ,7
46747,FT Wayne,1 Day ,7
46793,FT Wayne,1 Day ,7
46721,FT Wayne,1 Day ,7