zipcode,sortcode,carrier,service,max_weight,shipper_id,options.injectionName,options.injectionAddress.address1,options.injectionAddress.city,options.injectionAddress.state,options.injectionAddress.zip,options.injectionAddress.country
70601,,LSO,Ground,2400,,,,,,,
70602,,LSO,Ground,2400,,,,,,,
70605,,LSO,Ground,2400,,,,,,,
70606,,LSO,Ground,2400,,,,,,,
70607,,LSO,Ground,2400,,,,,,,
70609,,LSO,Ground,2400,,,,,,,
70611,,LSO,Ground,2400,,,,,,,
70612,,LSO,Ground,2400,,,,,,,
70615,,LSO,Ground,2400,,,,,,,
70616,,LSO,Ground,2400,,,,,,,
70629,,LSO,Ground,2400,,,,,,,
70630,,LSO,Ground,2400,,,,,,,
70631,,LSO,Ground,2400,,,,,,,
70632,,LSO,Ground,2400,,,,,,,
70633,,LSO,Ground,2400,,,,,,,
70634,,LSO,Ground,2400,,,,,,,
70637,,LSO,Ground,2400,,,,,,,
70638,,LSO,Ground,2400,,,,,,,
70639,,LSO,Ground,2400,,,,,,,
70640,,LSO,Ground,2400,,,,,,,
70642,,LSO,Ground,2400,,,,,,,
70643,,LSO,Ground,2400,,,,,,,
70644,,LSO,Ground,2400,,,,,,,
70645,,LSO,Ground,2400,,,,,,,
70646,,LSO,Ground,2400,,,,,,,
70647,,LSO,Ground,2400,,,,,,,
70648,,LSO,Ground,2400,,,,,,,
70650,,LSO,Ground,2400,,,,,,,
70651,,LSO,Ground,2400,,,,,,,
70652,,LSO,Ground,2400,,,,,,,
70653,,LSO,Ground,2400,,,,,,,
70654,,LSO,Ground,2400,,,,,,,
70655,,LSO,Ground,2400,,,,,,,
70656,,LSO,Ground,2400,,,,,,,
70657,,LSO,Ground,2400,,,,,,,
70658,,LSO,Ground,2400,,,,,,,
70659,,LSO,Ground,2400,,,,,,,
70660,,LSO,Ground,2400,,,,,,,
70661,,LSO,Ground,2400,,,,,,,
70662,,LSO,Ground,2400,,,,,,,
70663,,LSO,Ground,2400,,,,,,,
70664,,LSO,Ground,2400,,,,,,,
70665,,LSO,Ground,2400,,,,,,,
70668,,LSO,Ground,2400,,,,,,,
70669,,LSO,Ground,2400,,,,,,,
71101,,LSO,Ground,2400,,,,,,,
71102,,LSO,Ground,2400,,,,,,,
71103,,LSO,Ground,2400,,,,,,,
71104,,LSO,Ground,2400,,,,,,,
71105,,LSO,Ground,2400,,,,,,,
71106,,LSO,Ground,2400,,,,,,,
71107,,LSO,Ground,2400,,,,,,,
71108,,LSO,Ground,2400,,,,,,,
71109,,LSO,Ground,2400,,,,,,,
71110,,LSO,Ground,2400,,,,,,,
71111,,LSO,Ground,2400,,,,,,,
71112,,LSO,Ground,2400,,,,,,,
71118,,LSO,Ground,2400,,,,,,,
71119,,LSO,Ground,2400,,,,,,,
71129,,LSO,Ground,2400,,,,,,,
71130,,LSO,Ground,2400,,,,,,,
71133,,LSO,Ground,2400,,,,,,,
71134,,LSO,Ground,2400,,,,,,,
71135,,LSO,Ground,2400,,,,,,,
71136,,LSO,Ground,2400,,,,,,,
71137,,LSO,Ground,2400,,,,,,,
71138,,LSO,Ground,2400,,,,,,,
71148,,LSO,Ground,2400,,,,,,,
71149,,LSO,Ground,2400,,,,,,,
71151,,LSO,Ground,2400,,,,,,,
71152,,LSO,Ground,2400,,,,,,,
71153,,LSO,Ground,2400,,,,,,,
71154,,LSO,Ground,2400,,,,,,,
71156,,LSO,Ground,2400,,,,,,,
71161,,LSO,Ground,2400,,,,,,,
71162,,LSO,Ground,2400,,,,,,,
71163,,LSO,Ground,2400,,,,,,,
71164,,LSO,Ground,2400,,,,,,,
71165,,LSO,Ground,2400,,,,,,,
71166,,LSO,Ground,2400,,,,,,,
71171,,LSO,Ground,2400,,,,,,,
71172,,LSO,Ground,2400,,,,,,,
71854,,LSO,Ground,2400,,,,,,,
73003,,LSO,Ecom,2400,,,,,,,
73004,,LSO,Ground,2400,,,,,,,
73008,,LSO,Ecom,2400,,,,,,,
73010,,LSO,Ecom,2400,,,,,,,
73012,,LSO,Ecom,2400,,,,,,,
73013,,LSO,Ecom,2400,,,,,,,
73018,,LSO,Ground,2400,,,,,,,
73019,,LSO,Ground,2400,,,,,,,
73020,,LSO,Ecom,2400,,,,,,,
73025,,LSO,Ecom,2400,,,,,,,
73026,,LSO,Ecom,2400,,,,,,,
73034,,LSO,Ecom,2400,,,,,,,
73036,,LSO,Ecom,2400,,,,,,,
73044,,LSO,Ground,2400,,,,,,,
73045,,LSO,Ground,2400,,,,,,,
73064,,LSO,Ecom,2400,,,,,,,
73065,,LSO,Ground,2400,,,,,,,
73068,,LSO,Ground,2400,,,,,,,
73069,,LSO,Ecom,2400,,,,,,,
73071,,LSO,Ecom,2400,,,,,,,
73072,,LSO,Ecom,2400,,,,,,,
73074,,LSO,Ground,2400,,,,,,,
73075,,LSO,Ground,2400,,,,,,,
73078,,LSO,Ecom,2400,,,,,,,
73080,,LSO,Ground,2400,,,,,,,
73084,,LSO,Ground,2400,,,,,,,
73090,,LSO,Ground,2400,,,,,,,
73093,,LSO,Ground,2400,,,,,,,
73095,,LSO,Ground,2400,,,,,,,
73097,,LSO,Ground,2400,,,,,,,
73099,,LSO,Ecom,2400,,,,,,,
73101,,LSO,Ground,2400,,,,,,,
73102,,LSO,Ecom,2400,,,,,,,
73103,,LSO,Ground,2400,,,,,,,
73104,,LSO,Ecom,2400,,,,,,,
73105,,LSO,Ecom,2400,,,,,,,
73106,,LSO,Ecom,2400,,,,,,,
73107,,LSO,Ecom,2400,,,,,,,
73108,,LSO,Ecom,2400,,,,,,,
73109,,LSO,Ecom,2400,,,,,,,
73110,,LSO,Ecom,2400,,,,,,,
73111,,LSO,Ecom,2400,,,,,,,
73112,,LSO,Ecom,2400,,,,,,,
73113,,LSO,Ground,2400,,,,,,,
73114,,LSO,Ecom,2400,,,,,,,
73115,,LSO,Ecom,2400,,,,,,,
73116,,LSO,Ecom,2400,,,,,,,
73117,,LSO,Ecom,2400,,,,,,,
73118,,LSO,Ecom,2400,,,,,,,
73119,,LSO,Ecom,2400,,,,,,,
73120,,LSO,Ecom,2400,,,,,,,
73121,,LSO,Ground,2400,,,,,,,
73122,,LSO,Ecom,2400,,,,,,,
73125,,LSO,Ground,2400,,,,,,,
73127,,LSO,Ecom,2400,,,,,,,
73128,,LSO,Ecom,2400,,,,,,,
73129,,LSO,Ecom,2400,,,,,,,
73130,,LSO,Ecom,2400,,,,,,,
73131,,LSO,Ground,2400,,,,,,,
73132,,LSO,Ecom,2400,,,,,,,
73134,,LSO,Ground,2400,,,,,,,
73135,,LSO,Ecom,2400,,,,,,,
73137,,LSO,Ground,2400,,,,,,,
73139,,LSO,Ecom,2400,,,,,,,
73141,,LSO,Ground,2400,,,,,,,
73142,,LSO,Ecom,2400,,,,,,,
73144,,LSO,Ground,2400,,,,,,,
73145,,LSO,Ground,2400,,,,,,,
73146,,LSO,Ground,2400,,,,,,,
73149,,LSO,Ecom,2400,,,,,,,
73150,,LSO,Ground,2400,,,,,,,
73151,,LSO,Ecom,2400,,,,,,,
73153,,LSO,Ground,2400,,,,,,,
73154,,LSO,Ground,2400,,,,,,,
73159,,LSO,Ecom,2400,,,,,,,
73160,,LSO,Ecom,2400,,,,,,,
73162,,LSO,Ecom,2400,,,,,,,
73165,,LSO,Ground,2400,,,,,,,
73169,,LSO,Ground,2400,,,,,,,
73170,,LSO,Ecom,2400,,,,,,,
73173,,LSO,Ground,2400,,,,,,,
73179,,LSO,Ecom,2400,,,,,,,
73194,,LSO,Ground,2400,,,,,,,
73301,,LSO,Ground,2400,,,,,,,
73401,,LSO,Ground,2400,,,,,,,
73448,,LSO,Ground,2400,,,,,,,
73453,,LSO,Ground,2400,,,,,,,
73459,,LSO,Ground,2400,,,,,,,
73501,,LSO,Ground,2400,,,,,,,
73503,,LSO,Ground,2400,,,,,,,
73505,,LSO,Ground,2400,,,,,,,
73507,,LSO,Ground,2400,,,,,,,
73521,,LSO,Ground,2400,,,,,,,
73523,,LSO,Ground,2400,,,,,,,
73527,,LSO,Ground,2400,,,,,,,
73528,,LSO,Ground,2400,,,,,,,
73533,,LSO,Ground,2400,,,,,,,
73536,,LSO,Ground,2400,,,,,,,
73539,,LSO,Ground,2400,,,,,,,
73540,,LSO,Ground,2400,,,,,,,
73543,,LSO,Ground,2400,,,,,,,
73557,,LSO,Ground,2400,,,,,,,
73701,,LSO,Ground,2400,,,,,,,
73703,,LSO,Ground,2400,,,,,,,
73705,,LSO,Ground,2400,,,,,,,
73931,,LSO,Ground,2400,,,,,,,
73932,,LSO,Ground,2400,,,,,,,
73933,,LSO,Ground,2400,,,,,,,
73937,,LSO,Ground,2400,,,,,,,
73938,,LSO,Ground,2400,,,,,,,
73939,,LSO,Ground,2400,,,,,,,
73942,,LSO,Ground,2400,,,,,,,
73944,,LSO,Ground,2400,,,,,,,
73945,,LSO,Ground,2400,,,,,,,
73946,,LSO,Ground,2400,,,,,,,
73947,,LSO,Ground,2400,,,,,,,
73949,,LSO,Ground,2400,,,,,,,
73950,,LSO,Ground,2400,,,,,,,
73951,,LSO,Ground,2400,,,,,,,
74003,,LSO,Ground,2400,,,,,,,
74004,,LSO,Ground,2400,,,,,,,
74006,,LSO,Ground,2400,,,,,,,
74008,,LSO,Ecom,2400,,,,,,,
74011,,LSO,Ecom,2400,,,,,,,
74012,,LSO,Ecom,2400,,,,,,,
74014,,LSO,Ecom,2400,,,,,,,
74015,,LSO,Ground,2400,,,,,,,
74017,,LSO,Ground,2400,,,,,,,
74019,,LSO,Ecom,2400,,,,,,,
74021,,LSO,Ecom,2400,,,,,,,
74029,,LSO,Ground,2400,,,,,,,
74033,,LSO,Ecom,2400,,,,,,,
74037,,LSO,Ecom,2400,,,,,,,
74050,,LSO,Ground,2400,,,,,,,
74051,,LSO,Ground,2400,,,,,,,
74055,,LSO,Ecom,2400,,,,,,,
74061,,LSO,Ground,2400,,,,,,,
74063,,LSO,Ecom,2400,,,,,,,
74066,,LSO,Ecom,2400,,,,,,,
74070,,LSO,Ecom,2400,,,,,,,
74073,,LSO,Ground,2400,,,,,,,
74074,,LSO,Ground,2400,,,,,,,
74075,,LSO,Ground,2400,,,,,,,
74077,,LSO,Ground,2400,,,,,,,
74078,,LSO,Ground,2400,,,,,,,
74101,,LSO,Ground,2400,,,,,,,
74102,,LSO,Ground,2400,,,,,,,
74103,,LSO,Ground,2400,,,,,,,
74104,,LSO,Ecom,2400,,,,,,,
74105,,LSO,Ecom,2400,,,,,,,
74106,,LSO,Ecom,2400,,,,,,,
74107,,LSO,Ecom,2400,,,,,,,
74108,,LSO,Ecom,2400,,,,,,,
74110,,LSO,Ecom,2400,,,,,,,
74112,,LSO,Ecom,2400,,,,,,,
74114,,LSO,Ecom,2400,,,,,,,
74115,,LSO,Ecom,2400,,,,,,,
74116,,LSO,Ecom,2400,,,,,,,
74117,,LSO,Ground,2400,,,,,,,
74119,,LSO,Ground,2400,,,,,,,
74120,,LSO,Ground,2400,,,,,,,
74121,,LSO,Ground,2400,,,,,,,
74126,,LSO,Ecom,2400,,,,,,,
74127,,LSO,Ecom,2400,,,,,,,
74128,,LSO,Ecom,2400,,,,,,,
74129,,LSO,Ecom,2400,,,,,,,
74130,,LSO,Ground,2400,,,,,,,
74131,,LSO,Ecom,2400,,,,,,,
74132,,LSO,Ecom,2400,,,,,,,
74133,,LSO,Ecom,2400,,,,,,,
74134,,LSO,Ecom,2400,,,,,,,
74135,,LSO,Ecom,2400,,,,,,,
74136,,LSO,Ecom,2400,,,,,,,
74137,,LSO,Ecom,2400,,,,,,,
74141,,LSO,Ground,2400,,,,,,,
74145,,LSO,Ecom,2400,,,,,,,
74146,,LSO,Ecom,2400,,,,,,,
74147,,LSO,Ground,2400,,,,,,,
74148,,LSO,Ground,2400,,,,,,,
74149,,LSO,Ground,2400,,,,,,,
74150,,LSO,Ground,2400,,,,,,,
74152,,LSO,Ground,2400,,,,,,,
74153,,LSO,Ground,2400,,,,,,,
74155,,LSO,Ground,2400,,,,,,,
74156,,LSO,Ground,2400,,,,,,,
74157,,LSO,Ground,2400,,,,,,,
74158,,LSO,Ground,2400,,,,,,,
74159,,LSO,Ground,2400,,,,,,,
74169,,LSO,Ground,2400,,,,,,,
74170,,LSO,Ground,2400,,,,,,,
74171,,LSO,Ground,2400,,,,,,,
74172,,LSO,Ground,2400,,,,,,,
74182,,LSO,Ground,2400,,,,,,,
74183,,LSO,Ground,2400,,,,,,,
74184,,LSO,Ground,2400,,,,,,,
74186,,LSO,Ground,2400,,,,,,,
74187,,LSO,Ground,2400,,,,,,,
74189,,LSO,Ground,2400,,,,,,,
74192,,LSO,Ground,2400,,,,,,,
74193,,LSO,Ground,2400,,,,,,,
74194,,LSO,Ground,2400,,,,,,,
74361,,LSO,Ground,2400,,,,,,,
74401,,LSO,Ground,2400,,,,,,,
74403,,LSO,Ground,2400,,,,,,,
74429,,LSO,Ecom,2400,,,,,,,
74467,,LSO,Ground,2400,,,,,,,
74601,,LSO,Ground,2400,,,,,,,
74604,,LSO,Ground,2400,,,,,,,
74701,,LSO,Ground,2400,,,,,,,
74730,,LSO,Ground,2400,,,,,,,
74733,,LSO,Ground,2400,,,,,,,
74738,,LSO,Ground,2400,,,,,,,
74743,,LSO,Ground,2400,,,,,,,
74801,,LSO,Ground,2400,,,,,,,
74804,,LSO,Ground,2400,,,,,,,
74820,,LSO,Ground,2400,,,,,,,
74857,,LSO,Ground,2400,,,,,,,
74953,,LSO,Ground,2400,,,,,,,
75001,,LSO,Ecom,2400,,,,,,,
75002,,LSO,Ecom,2400,,,,,,,
75006,,LSO,Ecom,2400,,,,,,,
75007,,LSO,Ecom,2400,,,,,,,
75008,,LSO,Ground,2400,,,,,,,
75009,,LSO,Ecom,2400,,,,,,,
75010,,LSO,Ecom,2400,,,,,,,
75011,,LSO,Ecom,2400,,,,,,,
75013,,LSO,Ecom,2400,,,,,,,
75014,,LSO,Ecom,2400,,,,,,,
75015,,LSO,Ground,2400,,,,,,,
75016,,LSO,Ecom,2400,,,,,,,
75017,,LSO,Ecom,2400,,,,,,,
75019,,LSO,Ecom,2400,,,,,,,
75020,,LSO,Ground,2400,,,,,,,
75021,,LSO,Ground,2400,,,,,,,
75022,,LSO,Ecom,2400,,,,,,,
75023,,LSO,Ecom,2400,,,,,,,
75024,,LSO,Ecom,2400,,,,,,,
75025,,LSO,Ecom,2400,,,,,,,
75026,,LSO,Ecom,2400,,,,,,,
75027,,LSO,Ecom,2400,,,,,,,
75028,,LSO,Ecom,2400,,,,,,,
75029,,LSO,Ecom,2400,,,,,,,
75030,,LSO,Ground,2400,,,,,,,
75032,,LSO,Ecom,2400,,,,,,,
75033,,LSO,Ecom,2400,,,,,,,
75034,,LSO,Ecom,2400,,,,,,,
75035,,LSO,Ecom,2400,,,,,,,
75036,,LSO,Ecom,2400,,,,,,,
75037,,LSO,Ground,2400,,,,,,,
75038,,LSO,Ecom,2400,,,,,,,
75039,,LSO,Ecom,2400,,,,,,,
75040,,LSO,Ecom,2400,,,,,,,
75041,,LSO,Ecom,2400,,,,,,,
75042,,LSO,Ecom,2400,,,,,,,
75043,,LSO,Ecom,2400,,,,,,,
75044,,LSO,Ecom,2400,,,,,,,
75045,,LSO,Ecom,2400,,,,,,,
75046,,LSO,Ecom,2400,,,,,,,
75047,,LSO,Ecom,2400,,,,,,,
75048,,LSO,Ecom,2400,,,,,,,
75049,,LSO,Ecom,2400,,,,,,,
75050,,LSO,Ecom,2400,,,,,,,
75051,,LSO,Ecom,2400,,,,,,,
75052,,LSO,Ecom,2400,,,,,,,
75053,,LSO,Ecom,2400,,,,,,,
75054,,LSO,Ecom,2400,,,,,,,
75056,,LSO,Ecom,2400,,,,,,,
75057,,LSO,Ecom,2400,,,,,,,
75058,,LSO,Ground,2400,,,,,,,
75060,,LSO,Ecom,2400,,,,,,,
75061,,LSO,Ecom,2400,,,,,,,
75062,,LSO,Ecom,2400,,,,,,,
75063,,LSO,Ecom,2400,,,,,,,
75065,,LSO,Ground,2400,,,,,,,
75067,,LSO,Ecom,2400,,,,,,,
75068,,LSO,Ecom,2400,,,,,,,
75069,,LSO,Ecom,2400,,,,,,,
75070,,LSO,Ecom,2400,,,,,,,
75071,,LSO,Ecom,2400,,,,,,,
75072,,LSO,Ecom,2400,,,,,,,
75074,,LSO,Ecom,2400,,,,,,,
75075,,LSO,Ecom,2400,,,,,,,
75076,,LSO,Ground,2400,,,,,,,
75077,,LSO,Ecom,2400,,,,,,,
75078,,LSO,Ecom,2400,,,,,,,
75080,,LSO,Ecom,2400,,,,,,,
75081,,LSO,Ecom,2400,,,,,,,
75082,,LSO,Ecom,2400,,,,,,,
75083,,LSO,Ecom,2400,,,,,,,
75085,,LSO,Ecom,2400,,,,,,,
75086,,LSO,Ecom,2400,,,,,,,
75087,,LSO,Ecom,2400,,,,,,,
75088,,LSO,Ecom,2400,,,,,,,
75089,,LSO,Ecom,2400,,,,,,,
75090,,LSO,Ground,2400,,,,,,,
75091,,LSO,Ground,2400,,,,,,,
75092,,LSO,Ground,2400,,,,,,,
75093,,LSO,Ecom,2400,,,,,,,
75094,,LSO,Ecom,2400,,,,,,,
75097,,LSO,Ground,2400,,,,,,,
75098,,LSO,Ecom,2400,,,,,,,
75099,,LSO,Ecom,2400,,,,,,,
75101,,LSO,Ground,2400,,,,,,,
75102,,LSO,Ground,2400,,,,,,,
75103,,LSO,Ground,2400,,,,,,,
75104,,LSO,Ecom,2400,,,,,,,
75105,,LSO,Ground,2400,,,,,,,
75106,,LSO,Ecom,2400,,,,,,,
75109,,LSO,Ground,2400,,,,,,,
75110,,LSO,Ground,2400,,,,,,,
75114,,LSO,Ground,2400,,,,,,,
75115,,LSO,Ecom,2400,,,,,,,
75116,,LSO,Ecom,2400,,,,,,,
75117,,LSO,Ground,2400,,,,,,,
75118,,LSO,Ground,2400,,,,,,,
75119,,LSO,Ground,2400,,,,,,,
75120,,LSO,Ground,2400,,,,,,,
75121,,LSO,Ground,2400,,,,,,,
75123,,LSO,Ecom,2400,,,,,,,
75124,,LSO,Ground,2400,,,,,,,
75125,,LSO,Ground,2400,,,,,,,
75126,,LSO,Ground,2400,,,,,,,
75127,,LSO,Ground,2400,,,,,,,
75132,,LSO,Ground,2400,,,,,,,
75134,,LSO,Ecom,2400,,,,,,,
75135,,LSO,Ground,2400,,,,,,,
75137,,LSO,Ecom,2400,,,,,,,
75138,,LSO,Ecom,2400,,,,,,,
75140,,LSO,Ground,2400,,,,,,,
75141,,LSO,Ground,2400,,,,,,,
75142,,LSO,Ground,2400,,,,,,,
75143,,LSO,Ground,2400,,,,,,,
75144,,LSO,Ground,2400,,,,,,,
75146,,LSO,Ecom,2400,,,,,,,
75147,,LSO,Ground,2400,,,,,,,
75148,,LSO,Ground,2400,,,,,,,
75149,,LSO,Ecom,2400,,,,,,,
75150,,LSO,Ecom,2400,,,,,,,
75151,,LSO,Ground,2400,,,,,,,
75152,,LSO,Ground,2400,,,,,,,
75153,,LSO,Ground,2400,,,,,,,
75154,,LSO,Ecom,2400,,,,,,,
75155,,LSO,Ground,2400,,,,,,,
75156,,LSO,Ground,2400,,,,,,,
75157,,LSO,Ground,2400,,,,,,,
75158,,LSO,Ground,2400,,,,,,,
75159,,LSO,Ecom,2400,,,,,,,
75160,,LSO,Ground,2400,,,,,,,
75161,,LSO,Ground,2400,,,,,,,
75163,,LSO,Ground,2400,,,,,,,
75164,,LSO,Ground,2400,,,,,,,
75165,,LSO,Ground,2400,,,,,,,
75166,,LSO,Ground,2400,,,,,,,
75167,,LSO,Ground,2400,,,,,,,
75168,,LSO,Ground,2400,,,,,,,
75169,,LSO,Ground,2400,,,,,,,
75172,,LSO,Ground,2400,,,,,,,
75173,,LSO,Ground,2400,,,,,,,
75180,,LSO,Ecom,2400,,,,,,,
75181,,LSO,Ecom,2400,,,,,,,
75182,,LSO,Ground,2400,,,,,,,
75185,,LSO,Ecom,2400,,,,,,,
75187,,LSO,Ecom,2400,,,,,,,
75189,,LSO,Ecom,2400,,,,,,,
75201,,LSO,Ecom,2400,,,,,,,
75202,,LSO,Ecom,2400,,,,,,,
75203,,LSO,Ecom,2400,,,,,,,
75204,,LSO,Ecom,2400,,,,,,,
75205,,LSO,Ecom,2400,,,,,,,
75206,,LSO,Ecom,2400,,,,,,,
75207,,LSO,Ecom,2400,,,,,,,
75208,,LSO,Ecom,2400,,,,,,,
75209,,LSO,Ecom,2400,,,,,,,
75210,,LSO,Ecom,2400,,,,,,,
75211,,LSO,Ecom,2400,,,,,,,
75212,,LSO,Ecom,2400,,,,,,,
75214,,LSO,Ecom,2400,,,,,,,
75215,,LSO,Ecom,2400,,,,,,,
75216,,LSO,Ecom,2400,,,,,,,
75217,,LSO,Ecom,2400,,,,,,,
75218,,LSO,Ecom,2400,,,,,,,
75219,,LSO,Ecom,2400,,,,,,,
75220,,LSO,Ecom,2400,,,,,,,
75221,,LSO,Ecom,2400,,,,,,,
75222,,LSO,Ecom,2400,,,,,,,
75223,,LSO,Ecom,2400,,,,,,,
75224,,LSO,Ecom,2400,,,,,,,
75225,,LSO,Ecom,2400,,,,,,,
75226,,LSO,Ecom,2400,,,,,,,
75227,,LSO,Ecom,2400,,,,,,,
75228,,LSO,Ecom,2400,,,,,,,
75229,,LSO,Ecom,2400,,,,,,,
75230,,LSO,Ecom,2400,,,,,,,
75231,,LSO,Ecom,2400,,,,,,,
75232,,LSO,Ecom,2400,,,,,,,
75233,,LSO,Ecom,2400,,,,,,,
75234,,LSO,Ecom,2400,,,,,,,
75235,,LSO,Ecom,2400,,,,,,,
75236,,LSO,Ecom,2400,,,,,,,
75237,,LSO,Ecom,2400,,,,,,,
75238,,LSO,Ecom,2400,,,,,,,
75239,,LSO,Ecom,2400,,,,,,,
75240,,LSO,Ecom,2400,,,,,,,
75241,,LSO,Ecom,2400,,,,,,,
75242,,LSO,Ecom,2400,,,,,,,
75243,,LSO,Ecom,2400,,,,,,,
75244,,LSO,Ecom,2400,,,,,,,
75245,,LSO,Ecom,2400,,,,,,,
75246,,LSO,Ecom,2400,,,,,,,
75247,,LSO,Ecom,2400,,,,,,,
75248,,LSO,Ecom,2400,,,,,,,
75249,,LSO,Ecom,2400,,,,,,,
75250,,LSO,Ecom,2400,,,,,,,
75251,,LSO,Ecom,2400,,,,,,,
75252,,LSO,Ecom,2400,,,,,,,
75253,,LSO,Ecom,2400,,,,,,,
75254,,LSO,Ecom,2400,,,,,,,
75260,,LSO,Ecom,2400,,,,,,,
75261,,LSO,Ecom,2400,,,,,,,
75262,,LSO,Ecom,2400,,,,,,,
75263,,LSO,Ecom,2400,,,,,,,
75264,,LSO,Ecom,2400,,,,,,,
75265,,LSO,Ecom,2400,,,,,,,
75266,,LSO,Ecom,2400,,,,,,,
75267,,LSO,Ecom,2400,,,,,,,
75270,,LSO,Ecom,2400,,,,,,,
75275,,LSO,Ecom,2400,,,,,,,
75277,,LSO,Ecom,2400,,,,,,,
75283,,LSO,Ecom,2400,,,,,,,
75284,,LSO,Ecom,2400,,,,,,,
75285,,LSO,Ecom,2400,,,,,,,
75286,,LSO,Ecom,2400,,,,,,,
75287,,LSO,Ecom,2400,,,,,,,
75301,,LSO,Ground,2400,,,,,,,
75303,,LSO,Ground,2400,,,,,,,
75310,,LSO,Ground,2400,,,,,,,
75312,,LSO,Ground,2400,,,,,,,
75313,,LSO,Ground,2400,,,,,,,
75315,,LSO,Ground,2400,,,,,,,
75320,,LSO,Ground,2400,,,,,,,
75323,,LSO,Ground,2400,,,,,,,
75326,,LSO,Ground,2400,,,,,,,
75334,,LSO,Ground,2400,,,,,,,
75336,,LSO,Ground,2400,,,,,,,
75339,,LSO,Ground,2400,,,,,,,
75340,,LSO,Ground,2400,,,,,,,
75342,,LSO,Ground,2400,,,,,,,
75343,,LSO,Ground,2400,,,,,,,
75344,,LSO,Ground,2400,,,,,,,
75353,,LSO,Ground,2400,,,,,,,
75354,,LSO,Ground,2400,,,,,,,
75355,,LSO,Ground,2400,,,,,,,
75356,,LSO,Ground,2400,,,,,,,
75357,,LSO,Ground,2400,,,,,,,
75358,,LSO,Ground,2400,,,,,,,
75359,,LSO,Ground,2400,,,,,,,
75360,,LSO,Ground,2400,,,,,,,
75363,,LSO,Ground,2400,,,,,,,
75364,,LSO,Ground,2400,,,,,,,
75367,,LSO,Ground,2400,,,,,,,
75368,,LSO,Ground,2400,,,,,,,
75370,,LSO,Ground,2400,,,,,,,
75371,,LSO,Ground,2400,,,,,,,
75372,,LSO,Ground,2400,,,,,,,
75373,,LSO,Ground,2400,,,,,,,
75374,,LSO,Ground,2400,,,,,,,
75376,,LSO,Ground,2400,,,,,,,
75378,,LSO,Ground,2400,,,,,,,
75379,,LSO,Ground,2400,,,,,,,
75380,,LSO,Ground,2400,,,,,,,
75381,,LSO,Ground,2400,,,,,,,
75382,,LSO,Ground,2400,,,,,,,
75386,,LSO,Ground,2400,,,,,,,
75387,,LSO,Ground,2400,,,,,,,
75388,,LSO,Ground,2400,,,,,,,
75389,,LSO,Ground,2400,,,,,,,
75390,,LSO,Ground,2400,,,,,,,
75391,,LSO,Ground,2400,,,,,,,
75392,,LSO,Ground,2400,,,,,,,
75393,,LSO,Ground,2400,,,,,,,
75394,,LSO,Ground,2400,,,,,,,
75395,,LSO,Ground,2400,,,,,,,
75396,,LSO,Ground,2400,,,,,,,
75397,,LSO,Ground,2400,,,,,,,
75398,,LSO,Ground,2400,,,,,,,
75401,,LSO,Ground,2400,,,,,,,
75402,,LSO,Ground,2400,,,,,,,
75403,,LSO,Ground,2400,,,,,,,
75404,,LSO,Ground,2400,,,,,,,
75407,,LSO,Ecom,2400,,,,,,,
75409,,LSO,Ecom,2400,,,,,,,
75410,,LSO,Ground,2400,,,,,,,
75411,,LSO,Ground,2400,,,,,,,
75412,,LSO,Ground,2400,,,,,,,
75413,,LSO,Ground,2400,,,,,,,
75414,,LSO,Ground,2400,,,,,,,
75415,,LSO,Ground,2400,,,,,,,
75416,,LSO,Ground,2400,,,,,,,
75417,,LSO,Ground,2400,,,,,,,
75418,,LSO,Ground,2400,,,,,,,
75420,,LSO,Ground,2400,,,,,,,
75421,,LSO,Ground,2400,,,,,,,
75422,,LSO,Ground,2400,,,,,,,
75423,,LSO,Ground,2400,,,,,,,
75424,,LSO,Ground,2400,,,,,,,
75425,,LSO,Ground,2400,,,,,,,
75426,,LSO,Ground,2400,,,,,,,
75428,,LSO,Ground,2400,,,,,,,
75429,,LSO,Ground,2400,,,,,,,
75431,,LSO,Ground,2400,,,,,,,
75432,,LSO,Ground,2400,,,,,,,
75433,,LSO,Ground,2400,,,,,,,
75434,,LSO,Ground,2400,,,,,,,
75435,,LSO,Ground,2400,,,,,,,
75436,,LSO,Ground,2400,,,,,,,
75437,,LSO,Ground,2400,,,,,,,
75438,,LSO,Ground,2400,,,,,,,
75439,,LSO,Ground,2400,,,,,,,
75440,,LSO,Ground,2400,,,,,,,
75441,,LSO,Ground,2400,,,,,,,
75442,,LSO,Ecom,2400,,,,,,,
75443,,LSO,Ground,2400,,,,,,,
75444,,LSO,Ground,2400,,,,,,,
75446,,LSO,Ground,2400,,,,,,,
75447,,LSO,Ground,2400,,,,,,,
75448,,LSO,Ground,2400,,,,,,,
75449,,LSO,Ground,2400,,,,,,,
75450,,LSO,Ground,2400,,,,,,,
75451,,LSO,Ground,2400,,,,,,,
75452,,LSO,Ground,2400,,,,,,,
75453,,LSO,Ground,2400,,,,,,,
75454,,LSO,Ecom,2400,,,,,,,
75455,,LSO,Ground,2400,,,,,,,
75456,,LSO,Ground,2400,,,,,,,
75457,,LSO,Ground,2400,,,,,,,
75458,,LSO,Ground,2400,,,,,,,
75459,,LSO,Ground,2400,,,,,,,
75460,,LSO,Ground,2400,,,,,,,
75461,,LSO,Ground,2400,,,,,,,
75462,,LSO,Ground,2400,,,,,,,
75468,,LSO,Ground,2400,,,,,,,
75469,,LSO,Ground,2400,,,,,,,
75470,,LSO,Ground,2400,,,,,,,
75471,,LSO,Ground,2400,,,,,,,
75472,,LSO,Ground,2400,,,,,,,
75473,,LSO,Ground,2400,,,,,,,
75474,,LSO,Ground,2400,,,,,,,
75475,,LSO,Ground,2400,,,,,,,
75476,,LSO,Ground,2400,,,,,,,
75477,,LSO,Ground,2400,,,,,,,
75478,,LSO,Ground,2400,,,,,,,
75479,,LSO,Ground,2400,,,,,,,
75480,,LSO,Ground,2400,,,,,,,
75481,,LSO,Ground,2400,,,,,,,
75482,,LSO,Ground,2400,,,,,,,
75483,,LSO,Ground,2400,,,,,,,
75485,,LSO,Ground,2400,,,,,,,
75486,,LSO,Ground,2400,,,,,,,
75487,,LSO,Ground,2400,,,,,,,
75488,,LSO,Ground,2400,,,,,,,
75489,,LSO,Ground,2400,,,,,,,
75490,,LSO,Ground,2400,,,,,,,
75491,,LSO,Ground,2400,,,,,,,
75492,,LSO,Ground,2400,,,,,,,
75493,,LSO,Ground,2400,,,,,,,
75494,,LSO,Ground,2400,,,,,,,
75495,,LSO,Ground,2400,,,,,,,
75496,,LSO,Ground,2400,,,,,,,
75497,,LSO,Ground,2400,,,,,,,
75501,,LSO,Ground,2400,,,,,,,
75503,,LSO,Ground,2400,,,,,,,
75504,,LSO,Ground,2400,,,,,,,
75505,,LSO,Ground,2400,,,,,,,
75507,,LSO,Ground,2400,,,,,,,
75550,,LSO,Ground,2400,,,,,,,
75551,,LSO,Ground,2400,,,,,,,
75554,,LSO,Ground,2400,,,,,,,
75555,,LSO,Ground,2400,,,,,,,
75556,,LSO,Ground,2400,,,,,,,
75558,,LSO,Ground,2400,,,,,,,
75559,,LSO,Ground,2400,,,,,,,
75560,,LSO,Ground,2400,,,,,,,
75561,,LSO,Ground,2400,,,,,,,
75562,,LSO,Ground,2400,,,,,,,
75563,,LSO,Ground,2400,,,,,,,
75564,,LSO,Ground,2400,,,,,,,
75565,,LSO,Ground,2400,,,,,,,
75566,,LSO,Ground,2400,,,,,,,
75567,,LSO,Ground,2400,,,,,,,
75568,,LSO,Ground,2400,,,,,,,
75569,,LSO,Ground,2400,,,,,,,
75570,,LSO,Ground,2400,,,,,,,
75571,,LSO,Ground,2400,,,,,,,
75572,,LSO,Ground,2400,,,,,,,
75573,,LSO,Ground,2400,,,,,,,
75574,,LSO,Ground,2400,,,,,,,
75599,,LSO,Ground,2400,,,,,,,
75601,,LSO,Ecom,2400,,,,,,,
75602,,LSO,Ecom,2400,,,,,,,
75603,,LSO,Ecom,2400,,,,,,,
75604,,LSO,Ecom,2400,,,,,,,
75605,,LSO,Ecom,2400,,,,,,,
75606,,LSO,Ground,2400,,,,,,,
75607,,LSO,Ground,2400,,,,,,,
75608,,LSO,Ground,2400,,,,,,,
75615,,LSO,Ground,2400,,,,,,,
75630,,LSO,Ground,2400,,,,,,,
75631,,LSO,Ground,2400,,,,,,,
75633,,LSO,Ground,2400,,,,,,,
75636,,LSO,Ground,2400,,,,,,,
75637,,LSO,Ground,2400,,,,,,,
75638,,LSO,Ground,2400,,,,,,,
75639,,LSO,Ground,2400,,,,,,,
75640,,LSO,Ground,2400,,,,,,,
75641,,LSO,Ground,2400,,,,,,,
75642,,LSO,Ground,2400,,,,,,,
75643,,LSO,Ground,2400,,,,,,,
75644,,LSO,Ground,2400,,,,,,,
75645,,LSO,Ground,2400,,,,,,,
75647,,LSO,Ecom,2400,,,,,,,
75650,,LSO,Ground,2400,,,,,,,
75651,,LSO,Ground,2400,,,,,,,
75652,,LSO,Ground,2400,,,,,,,
75653,,LSO,Ground,2400,,,,,,,
75654,,LSO,Ground,2400,,,,,,,
75656,,LSO,Ground,2400,,,,,,,
75657,,LSO,Ground,2400,,,,,,,
75658,,LSO,Ground,2400,,,,,,,
75659,,LSO,Ground,2400,,,,,,,
75660,,LSO,Ground,2400,,,,,,,
75661,,LSO,Ground,2400,,,,,,,
75662,,LSO,Ground,2400,,,,,,,
75663,,LSO,Ground,2400,,,,,,,
75666,,LSO,Ground,2400,,,,,,,
75667,,LSO,Ground,2400,,,,,,,
75668,,LSO,Ground,2400,,,,,,,
75669,,LSO,Ground,2400,,,,,,,
75670,,LSO,Ground,2400,,,,,,,
75671,,LSO,Ground,2400,,,,,,,
75672,,LSO,Ground,2400,,,,,,,
75680,,LSO,Ground,2400,,,,,,,
75681,,LSO,Ground,2400,,,,,,,
75682,,LSO,Ground,2400,,,,,,,
75683,,LSO,Ground,2400,,,,,,,
75684,,LSO,Ground,2400,,,,,,,
75685,,LSO,Ground,2400,,,,,,,
75686,,LSO,Ground,2400,,,,,,,
75687,,LSO,Ground,2400,,,,,,,
75688,,LSO,Ground,2400,,,,,,,
75689,,LSO,Ground,2400,,,,,,,
75691,,LSO,Ground,2400,,,,,,,
75692,,LSO,Ground,2400,,,,,,,
75693,,LSO,Ground,2400,,,,,,,
75694,,LSO,Ground,2400,,,,,,,
75701,,LSO,Ecom,2400,,,,,,,
75702,,LSO,Ecom,2400,,,,,,,
75703,,LSO,Ecom,2400,,,,,,,
75704,,LSO,Ecom,2400,,,,,,,
75705,,LSO,Ground,2400,,,,,,,
75706,,LSO,Ecom,2400,,,,,,,
75707,,LSO,Ecom,2400,,,,,,,
75708,,LSO,Ecom,2400,,,,,,,
75709,,LSO,Ground,2400,,,,,,,
75710,,LSO,Ground,2400,,,,,,,
75711,,LSO,Ground,2400,,,,,,,
75712,,LSO,Ground,2400,,,,,,,
75713,,LSO,Ground,2400,,,,,,,
75750,,LSO,Ground,2400,,,,,,,
75751,,LSO,Ground,2400,,,,,,,
75752,,LSO,Ground,2400,,,,,,,
75754,,LSO,Ground,2400,,,,,,,
75755,,LSO,Ground,2400,,,,,,,
75756,,LSO,Ground,2400,,,,,,,
75757,,LSO,Ecom,2400,,,,,,,
75758,,LSO,Ecom,2400,,,,,,,
75759,,LSO,Ground,2400,,,,,,,
75760,,LSO,Ground,2400,,,,,,,
75762,,LSO,Ecom,2400,,,,,,,
75763,,LSO,Ground,2400,,,,,,,
75764,,LSO,Ground,2400,,,,,,,
75765,,LSO,Ground,2400,,,,,,,
75766,,LSO,Ground,2400,,,,,,,
75770,,LSO,Ground,2400,,,,,,,
75771,,LSO,Ecom,2400,,,,,,,
75772,,LSO,Ground,2400,,,,,,,
75773,,LSO,Ecom,2400,,,,,,,
75778,,LSO,Ground,2400,,,,,,,
75779,,LSO,Ground,2400,,,,,,,
75780,,LSO,Ground,2400,,,,,,,
75782,,LSO,Ground,2400,,,,,,,
75783,,LSO,Ground,2400,,,,,,,
75784,,LSO,Ground,2400,,,,,,,
75785,,LSO,Ground,2400,,,,,,,
75788,,LSO,Ground,2400,,,,,,,
75789,,LSO,Ground,2400,,,,,,,
75790,,LSO,Ground,2400,,,,,,,
75791,,LSO,Ecom,2400,,,,,,,
75792,,LSO,Ground,2400,,,,,,,
75797,,LSO,Ground,2400,,,,,,,
75798,,LSO,Ground,2400,,,,,,,
75799,,LSO,Ground,2400,,,,,,,
75801,,LSO,Ground,2400,,,,,,,
75802,,LSO,Ground,2400,,,,,,,
75803,,LSO,Ground,2400,,,,,,,
75831,,LSO,Ground,2400,,,,,,,
75832,,LSO,Ground,2400,,,,,,,
75833,,LSO,Ground,2400,,,,,,,
75834,,LSO,Ground,2400,,,,,,,
75835,,LSO,Ground,2400,,,,,,,
75838,,LSO,Ground,2400,,,,,,,
75839,,LSO,Ground,2400,,,,,,,
75840,,LSO,Ground,2400,,,,,,,
75844,,LSO,Ground,2400,,,,,,,
75845,,LSO,Ground,2400,,,,,,,
75846,,LSO,Ground,2400,,,,,,,
75847,,LSO,Ground,2400,,,,,,,
75848,,LSO,Ground,2400,,,,,,,
75849,,LSO,Ground,2400,,,,,,,
75850,,LSO,Ground,2400,,,,,,,
75851,,LSO,Ground,2400,,,,,,,
75852,,LSO,Ground,2400,,,,,,,
75853,,LSO,Ground,2400,,,,,,,
75855,,LSO,Ground,2400,,,,,,,
75856,,LSO,Ground,2400,,,,,,,
75858,,LSO,Ground,2400,,,,,,,
75859,,LSO,Ground,2400,,,,,,,
75860,,LSO,Ground,2400,,,,,,,
75861,,LSO,Ground,2400,,,,,,,
75862,,LSO,Ground,2400,,,,,,,
75865,,LSO,Ground,2400,,,,,,,
75880,,LSO,Ground,2400,,,,,,,
75882,,LSO,Ground,2400,,,,,,,
75884,,LSO,Ground,2400,,,,,,,
75886,,LSO,Ground,2400,,,,,,,
75901,,LSO,Ground,2400,,,,,,,
75902,,LSO,Ground,2400,,,,,,,
75903,,LSO,Ground,2400,,,,,,,
75904,,LSO,Ground,2400,,,,,,,
75915,,LSO,Ground,2400,,,,,,,
75925,,LSO,Ground,2400,,,,,,,
75926,,LSO,Ground,2400,,,,,,,
75928,,LSO,Ground,2400,,,,,,,
75929,,LSO,Ground,2400,,,,,,,
75930,,LSO,Ground,2400,,,,,,,
75931,,LSO,Ground,2400,,,,,,,
75932,,LSO,Ground,2400,,,,,,,
75933,,LSO,Ground,2400,,,,,,,
75934,,LSO,Ground,2400,,,,,,,
75935,,LSO,Ground,2400,,,,,,,
75936,,LSO,Ground,2400,,,,,,,
75937,,LSO,Ground,2400,,,,,,,
75938,,LSO,Ground,2400,,,,,,,
75939,,LSO,Ground,2400,,,,,,,
75941,,LSO,Ground,2400,,,,,,,
75942,,LSO,Ground,2400,,,,,,,
75943,,LSO,Ground,2400,,,,,,,
75944,,LSO,Ground,2400,,,,,,,
75946,,LSO,Ground,2400,,,,,,,
75948,,LSO,Ground,2400,,,,,,,
75949,,LSO,Ground,2400,,,,,,,
75951,,LSO,Ground,2400,,,,,,,
75954,,LSO,Ground,2400,,,,,,,
75956,,LSO,Ground,2400,,,,,,,
75958,,LSO,Ground,2400,,,,,,,
75959,,LSO,Ground,2400,,,,,,,
75960,,LSO,Ground,2400,,,,,,,
75961,,LSO,Ground,2400,,,,,,,
75962,,LSO,Ground,2400,,,,,,,
75963,,LSO,Ground,2400,,,,,,,
75964,,LSO,Ground,2400,,,,,,,
75965,,LSO,Ground,2400,,,,,,,
75966,,LSO,Ground,2400,,,,,,,
75968,,LSO,Ground,2400,,,,,,,
75969,,LSO,Ground,2400,,,,,,,
75972,,LSO,Ground,2400,,,,,,,
75973,,LSO,Ground,2400,,,,,,,
75974,,LSO,Ground,2400,,,,,,,
75975,,LSO,Ground,2400,,,,,,,
75976,,LSO,Ground,2400,,,,,,,
75977,,LSO,Ground,2400,,,,,,,
75978,,LSO,Ground,2400,,,,,,,
75979,,LSO,Ground,2400,,,,,,,
75980,,LSO,Ground,2400,,,,,,,
75990,,LSO,Ground,2400,,,,,,,
75999,,LSO,Ground,2400,,,,,,,
76001,,LSO,Ecom,2400,,,,,,,
76002,,LSO,Ecom,2400,,,,,,,
76003,,LSO,Ecom,2400,,,,,,,
76004,,LSO,Ecom,2400,,,,,,,
76005,,LSO,Ecom,2400,,,,,,,
76006,,LSO,Ecom,2400,,,,,,,
76007,,LSO,Ecom,2400,,,,,,,
76008,,LSO,Ecom,2400,,,,,,,
76009,,LSO,Ground,2400,,,,,,,
76010,,LSO,Ecom,2400,,,,,,,
76011,,LSO,Ecom,2400,,,,,,,
76012,,LSO,Ecom,2400,,,,,,,
76013,,LSO,Ecom,2400,,,,,,,
76014,,LSO,Ecom,2400,,,,,,,
76015,,LSO,Ecom,2400,,,,,,,
76016,,LSO,Ecom,2400,,,,,,,
76017,,LSO,Ecom,2400,,,,,,,
76018,,LSO,Ecom,2400,,,,,,,
76019,,LSO,Ground,2400,,,,,,,
76020,,LSO,Ecom,2400,,,,,,,
76021,,LSO,Ecom,2400,,,,,,,
76022,,LSO,Ecom,2400,,,,,,,
76023,,LSO,Ground,2400,,,,,,,
76028,,LSO,Ecom,2400,,,,,,,
76031,,LSO,Ground,2400,,,,,,,
76033,,LSO,Ground,2400,,,,,,,
76034,,LSO,Ecom,2400,,,,,,,
76035,,LSO,Ground,2400,,,,,,,
76036,,LSO,Ecom,2400,,,,,,,
76039,,LSO,Ecom,2400,,,,,,,
76040,,LSO,Ecom,2400,,,,,,,
76041,,LSO,Ground,2400,,,,,,,
76043,,LSO,Ground,2400,,,,,,,
76044,,LSO,Ground,2400,,,,,,,
76048,,LSO,Ground,2400,,,,,,,
76049,,LSO,Ground,2400,,,,,,,
76050,,LSO,Ground,2400,,,,,,,
76051,,LSO,Ecom,2400,,,,,,,
76052,,LSO,Ecom,2400,,,,,,,
76053,,LSO,Ecom,2400,,,,,,,
76054,,LSO,Ecom,2400,,,,,,,
76055,,LSO,Ground,2400,,,,,,,
76058,,LSO,Ecom,2400,,,,,,,
76059,,LSO,Ground,2400,,,,,,,
76060,,LSO,Ecom,2400,,,,,,,
76061,,LSO,Ground,2400,,,,,,,
76063,,LSO,Ecom,2400,,,,,,,
76064,,LSO,Ground,2400,,,,,,,
76065,,LSO,Ground,2400,,,,,,,
76066,,LSO,Ground,2400,,,,,,,
76067,,LSO,Ground,2400,,,,,,,
76068,,LSO,Ground,2400,,,,,,,
76070,,LSO,Ground,2400,,,,,,,
76071,,LSO,Ground,2400,,,,,,,
76073,,LSO,Ground,2400,,,,,,,
76077,,LSO,Ground,2400,,,,,,,
76078,,LSO,Ground,2400,,,,,,,
76082,,LSO,Ecom,2400,,,,,,,
76084,,LSO,Ground,2400,,,,,,,
76085,,LSO,Ecom,2400,,,,,,,
76086,,LSO,Ecom,2400,,,,,,,
76087,,LSO,Ground,2400,,,,,,,
76088,,LSO,Ground,2400,,,,,,,
76092,,LSO,Ecom,2400,,,,,,,
76093,,LSO,Ground,2400,,,,,,,
76094,,LSO,Ecom,2400,,,,,,,
76095,,LSO,Ground,2400,,,,,,,
76096,,LSO,Ecom,2400,,,,,,,
76097,,LSO,Ecom,2400,,,,,,,
76098,,LSO,Ground,2400,,,,,,,
76099,,LSO,Ground,2400,,,,,,,
76101,,LSO,Ecom,2400,,,,,,,
76102,,LSO,Ecom,2400,,,,,,,
76103,,LSO,Ecom,2400,,,,,,,
76104,,LSO,Ecom,2400,,,,,,,
76105,,LSO,Ecom,2400,,,,,,,
76106,,LSO,Ecom,2400,,,,,,,
76107,,LSO,Ecom,2400,,,,,,,
76108,,LSO,Ecom,2400,,,,,,,
76109,,LSO,Ecom,2400,,,,,,,
76110,,LSO,Ecom,2400,,,,,,,
76111,,LSO,Ecom,2400,,,,,,,
76112,,LSO,Ecom,2400,,,,,,,
76113,,LSO,Ecom,2400,,,,,,,
76114,,LSO,Ecom,2400,,,,,,,
76115,,LSO,Ecom,2400,,,,,,,
76116,,LSO,Ecom,2400,,,,,,,
76117,,LSO,Ecom,2400,,,,,,,
76118,,LSO,Ecom,2400,,,,,,,
76119,,LSO,Ecom,2400,,,,,,,
76120,,LSO,Ecom,2400,,,,,,,
76121,,LSO,Ecom,2400,,,,,,,
76122,,LSO,Ecom,2400,,,,,,,
76123,,LSO,Ecom,2400,,,,,,,
76124,,LSO,Ecom,2400,,,,,,,
76126,,LSO,Ecom,2400,,,,,,,
76127,,LSO,Ecom,2400,,,,,,,
76129,,LSO,Ecom,2400,,,,,,,
76130,,LSO,Ecom,2400,,,,,,,
76131,,LSO,Ecom,2400,,,,,,,
76132,,LSO,Ecom,2400,,,,,,,
76133,,LSO,Ecom,2400,,,,,,,
76134,,LSO,Ecom,2400,,,,,,,
76135,,LSO,Ecom,2400,,,,,,,
76136,,LSO,Ecom,2400,,,,,,,
76137,,LSO,Ecom,2400,,,,,,,
76140,,LSO,Ecom,2400,,,,,,,
76147,,LSO,Ecom,2400,,,,,,,
76148,,LSO,Ecom,2400,,,,,,,
76150,,LSO,Ecom,2400,,,,,,,
76155,,LSO,Ecom,2400,,,,,,,
76161,,LSO,Ecom,2400,,,,,,,
76162,,LSO,Ecom,2400,,,,,,,
76163,,LSO,Ecom,2400,,,,,,,
76164,,LSO,Ecom,2400,,,,,,,
76166,,LSO,Ecom,2400,,,,,,,
76177,,LSO,Ecom,2400,,,,,,,
76178,,LSO,Ecom,2400,,,,,,,
76179,,LSO,Ecom,2400,,,,,,,
76180,,LSO,Ecom,2400,,,,,,,
76181,,LSO,Ecom,2400,,,,,,,
76182,,LSO,Ecom,2400,,,,,,,
76185,,LSO,Ecom,2400,,,,,,,
76191,,LSO,Ecom,2400,,,,,,,
76192,,LSO,Ecom,2400,,,,,,,
76193,,LSO,Ecom,2400,,,,,,,
76195,,LSO,Ecom,2400,,,,,,,
76196,,LSO,Ecom,2400,,,,,,,
76197,,LSO,Ecom,2400,,,,,,,
76198,,LSO,Ecom,2400,,,,,,,
76199,,LSO,Ecom,2400,,,,,,,
76201,,LSO,Ecom,2400,,,,,,,
76202,,LSO,Ecom,2400,,,,,,,
76203,,LSO,Ecom,2400,,,,,,,
76204,,LSO,Ecom,2400,,,,,,,
76205,,LSO,Ecom,2400,,,,,,,
76206,,LSO,Ecom,2400,,,,,,,
76207,,LSO,Ecom,2400,,,,,,,
76208,,LSO,Ecom,2400,,,,,,,
76209,,LSO,Ecom,2400,,,,,,,
76210,,LSO,Ecom,2400,,,,,,,
76225,,LSO,Ground,2400,,,,,,,
76226,,LSO,Ecom,2400,,,,,,,
76227,,LSO,Ecom,2400,,,,,,,
76228,,LSO,Ground,2400,,,,,,,
76230,,LSO,Ground,2400,,,,,,,
76233,,LSO,Ground,2400,,,,,,,
76234,,LSO,Ground,2400,,,,,,,
76238,,LSO,Ground,2400,,,,,,,
76239,,LSO,Ground,2400,,,,,,,
76240,,LSO,Ground,2400,,,,,,,
76241,,LSO,Ground,2400,,,,,,,
76244,,LSO,Ecom,2400,,,,,,,
76245,,LSO,Ground,2400,,,,,,,
76246,,LSO,Ground,2400,,,,,,,
76247,,LSO,Ecom,2400,,,,,,,
76248,,LSO,Ecom,2400,,,,,,,
76249,,LSO,Ground,2400,,,,,,,
76250,,LSO,Ground,2400,,,,,,,
76251,,LSO,Ground,2400,,,,,,,
76252,,LSO,Ground,2400,,,,,,,
76253,,LSO,Ground,2400,,,,,,,
76255,,LSO,Ground,2400,,,,,,,
76258,,LSO,Ground,2400,,,,,,,
76259,,LSO,Ground,2400,,,,,,,
76261,,LSO,Ground,2400,,,,,,,
76262,,LSO,Ecom,2400,,,,,,,
76263,,LSO,Ground,2400,,,,,,,
76264,,LSO,Ground,2400,,,,,,,
76265,,LSO,Ground,2400,,,,,,,
76266,,LSO,Ground,2400,,,,,,,
76267,,LSO,Ground,2400,,,,,,,
76268,,LSO,Ground,2400,,,,,,,
76270,,LSO,Ground,2400,,,,,,,
76271,,LSO,Ground,2400,,,,,,,
76272,,LSO,Ground,2400,,,,,,,
76273,,LSO,Ground,2400,,,,,,,
76299,,LSO,Ground,2400,,,,,,,
76301,,LSO,Ecom,2400,,,,,,,
76302,,LSO,Ecom,2400,,,,,,,
76303,,LSO,Ground,2400,,,,,,,
76304,,LSO,Ground,2400,,,,,,,
76305,,LSO,Ground,2400,,,,,,,
76306,,LSO,Ecom,2400,,,,,,,
76307,,LSO,Ground,2400,,,,,,,
76308,,LSO,Ecom,2400,,,,,,,
76309,,LSO,Ecom,2400,,,,,,,
76310,,LSO,Ecom,2400,,,,,,,
76311,,LSO,Ground,2400,,,,,,,
76351,,LSO,Ground,2400,,,,,,,
76352,,LSO,Ground,2400,,,,,,,
76354,,LSO,Ground,2400,,,,,,,
76357,,LSO,Ground,2400,,,,,,,
76360,,LSO,Ground,2400,,,,,,,
76363,,LSO,Ground,2400,,,,,,,
76364,,LSO,Ground,2400,,,,,,,
76365,,LSO,Ground,2400,,,,,,,
76366,,LSO,Ground,2400,,,,,,,
76367,,LSO,Ground,2400,,,,,,,
76369,,LSO,Ground,2400,,,,,,,
76370,,LSO,Ground,2400,,,,,,,
76371,,LSO,Ground,2400,,,,,,,
76372,,LSO,Ground,2400,,,,,,,
76373,,LSO,Ground,2400,,,,,,,
76374,,LSO,Ground,2400,,,,,,,
76377,,LSO,Ground,2400,,,,,,,
76379,,LSO,Ground,2400,,,,,,,
76380,,LSO,Ground,2400,,,,,,,
76384,,LSO,Ground,2400,,,,,,,
76385,,LSO,Ground,2400,,,,,,,
76388,,LSO,Ground,2400,,,,,,,
76389,,LSO,Ground,2400,,,,,,,
76401,,LSO,Ground,2400,,,,,,,
76402,,LSO,Ground,2400,,,,,,,
76424,,LSO,Ground,2400,,,,,,,
76426,,LSO,Ground,2400,,,,,,,
76427,,LSO,Ground,2400,,,,,,,
76429,,LSO,Ground,2400,,,,,,,
76430,,LSO,Ground,2400,,,,,,,
76431,,LSO,Ground,2400,,,,,,,
76432,,LSO,Ground,2400,,,,,,,
76433,,LSO,Ground,2400,,,,,,,
76435,,LSO,Ground,2400,,,,,,,
76436,,LSO,Ground,2400,,,,,,,
76437,,LSO,Ground,2400,,,,,,,
76439,,LSO,Ground,2400,,,,,,,
76442,,LSO,Ground,2400,,,,,,,
76443,,LSO,Ground,2400,,,,,,,
76444,,LSO,Ground,2400,,,,,,,
76445,,LSO,Ground,2400,,,,,,,
76446,,LSO,Ground,2400,,,,,,,
76448,,LSO,Ground,2400,,,,,,,
76449,,LSO,Ground,2400,,,,,,,
76450,,LSO,Ground,2400,,,,,,,
76452,,LSO,Ground,2400,,,,,,,
76453,,LSO,Ground,2400,,,,,,,
76454,,LSO,Ground,2400,,,,,,,
76455,,LSO,Ground,2400,,,,,,,
76457,,LSO,Ground,2400,,,,,,,
76458,,LSO,Ground,2400,,,,,,,
76459,,LSO,Ground,2400,,,,,,,
76460,,LSO,Ground,2400,,,,,,,
76461,,LSO,Ground,2400,,,,,,,
76462,,LSO,Ground,2400,,,,,,,
76463,,LSO,Ground,2400,,,,,,,
76464,,LSO,Ground,2400,,,,,,,
76465,,LSO,Ground,2400,,,,,,,
76466,,LSO,Ground,2400,,,,,,,
76467,,LSO,Ground,2400,,,,,,,
76468,,LSO,Ground,2400,,,,,,,
76469,,LSO,Ground,2400,,,,,,,
76470,,LSO,Ground,2400,,,,,,,
76471,,LSO,Ground,2400,,,,,,,
76472,,LSO,Ground,2400,,,,,,,
76474,,LSO,Ground,2400,,,,,,,
76475,,LSO,Ground,2400,,,,,,,
76476,,LSO,Ground,2400,,,,,,,
76481,,LSO,Ground,2400,,,,,,,
76483,,LSO,Ground,2400,,,,,,,
76484,,LSO,Ground,2400,,,,,,,
76485,,LSO,Ground,2400,,,,,,,
76486,,LSO,Ground,2400,,,,,,,
76487,,LSO,Ground,2400,,,,,,,
76490,,LSO,Ground,2400,,,,,,,
76491,,LSO,Ground,2400,,,,,,,
76501,,LSO,Ground,2400,,,,,,,
76502,,LSO,Ground,2400,,,,,,,
76503,,LSO,Ground,2400,,,,,,,
76504,,LSO,Ground,2400,,,,,,,
76505,,LSO,Ground,2400,,,,,,,
76508,,LSO,Ground,2400,,,,,,,
76511,,LSO,Ground,2400,,,,,,,
76513,,LSO,Ground,2400,,,,,,,
76518,,LSO,Ground,2400,,,,,,,
76519,,LSO,Ground,2400,,,,,,,
76520,,LSO,Ground,2400,,,,,,,
76522,,LSO,Ground,2400,,,,,,,
76523,,LSO,Ground,2400,,,,,,,
76524,,LSO,Ground,2400,,,,,,,
76525,,LSO,Ground,2400,,,,,,,
76526,,LSO,Ground,2400,,,,,,,
76527,,LSO,Ground,2400,,,,,,,
76528,,LSO,Ground,2400,,,,,,,
76530,,LSO,Ground,2400,,,,,,,
76531,,LSO,Ground,2400,,,,,,,
76533,,LSO,Ground,2400,,,,,,,
76534,,LSO,Ground,2400,,,,,,,
76537,,LSO,Ground,2400,,,,,,,
76538,,LSO,Ground,2400,,,,,,,
76539,,LSO,Ground,2400,,,,,,,
76540,,LSO,Ecom,2400,,,,,,,
76541,,LSO,Ecom,2400,,,,,,,
76542,,LSO,Ecom,2400,,,,,,,
76543,,LSO,Ecom,2400,,,,,,,
76544,,LSO,Ground,2400,,,,,,,
76545,,LSO,Ecom,2400,,,,,,,
76546,,LSO,Ecom,2400,,,,,,,
76547,,LSO,Ecom,2400,,,,,,,
76548,,LSO,Ground,2400,,,,,,,
76549,,LSO,Ecom,2400,,,,,,,
76550,,LSO,Ground,2400,,,,,,,
76554,,LSO,Ground,2400,,,,,,,
76556,,LSO,Ground,2400,,,,,,,
76557,,LSO,Ground,2400,,,,,,,
76558,,LSO,Ground,2400,,,,,,,
76559,,LSO,Ground,2400,,,,,,,
76561,,LSO,Ground,2400,,,,,,,
76564,,LSO,Ground,2400,,,,,,,
76565,,LSO,Ground,2400,,,,,,,
76566,,LSO,Ground,2400,,,,,,,
76567,,LSO,Ground,2400,,,,,,,
76569,,LSO,Ground,2400,,,,,,,
76570,,LSO,Ground,2400,,,,,,,
76571,,LSO,Ground,2400,,,,,,,
76573,,LSO,Ground,2400,,,,,,,
76574,,LSO,Ecom,2400,,,,,,,
76577,,LSO,Ground,2400,,,,,,,
76578,,LSO,Ground,2400,,,,,,,
76579,,LSO,Ground,2400,,,,,,,
76596,,LSO,Ground,2400,,,,,,,
76597,,LSO,Ground,2400,,,,,,,
76598,,LSO,Ground,2400,,,,,,,
76599,,LSO,Ground,2400,,,,,,,
76621,,LSO,Ground,2400,,,,,,,
76622,,LSO,Ground,2400,,,,,,,
76623,,LSO,Ground,2400,,,,,,,
76624,,LSO,Ground,2400,,,,,,,
76626,,LSO,Ground,2400,,,,,,,
76627,,LSO,Ground,2400,,,,,,,
76628,,LSO,Ground,2400,,,,,,,
76629,,LSO,Ground,2400,,,,,,,
76630,,LSO,Ground,2400,,,,,,,
76631,,LSO,Ground,2400,,,,,,,
76632,,LSO,Ground,2400,,,,,,,
76633,,LSO,Ground,2400,,,,,,,
76634,,LSO,Ground,2400,,,,,,,
76635,,LSO,Ground,2400,,,,,,,
76636,,LSO,Ground,2400,,,,,,,
76637,,LSO,Ground,2400,,,,,,,
76638,,LSO,Ground,2400,,,,,,,
76639,,LSO,Ground,2400,,,,,,,
76640,,LSO,Ground,2400,,,,,,,
76641,,LSO,Ground,2400,,,,,,,
76642,,LSO,Ground,2400,,,,,,,
76643,,LSO,Ecom,2400,,,,,,,
76644,,LSO,Ground,2400,,,,,,,
76645,,LSO,Ground,2400,,,,,,,
76648,,LSO,Ground,2400,,,,,,,
76649,,LSO,Ground,2400,,,,,,,
76650,,LSO,Ground,2400,,,,,,,
76651,,LSO,Ground,2400,,,,,,,
76652,,LSO,Ground,2400,,,,,,,
76653,,LSO,Ground,2400,,,,,,,
76654,,LSO,Ground,2400,,,,,,,
76655,,LSO,Ground,2400,,,,,,,
76656,,LSO,Ground,2400,,,,,,,
76657,,LSO,Ecom,2400,,,,,,,
76660,,LSO,Ground,2400,,,,,,,
76661,,LSO,Ground,2400,,,,,,,
76664,,LSO,Ground,2400,,,,,,,
76665,,LSO,Ground,2400,,,,,,,
76666,,LSO,Ground,2400,,,,,,,
76667,,LSO,Ground,2400,,,,,,,
76670,,LSO,Ground,2400,,,,,,,
76671,,LSO,Ground,2400,,,,,,,
76673,,LSO,Ground,2400,,,,,,,
76676,,LSO,Ground,2400,,,,,,,
76678,,LSO,Ground,2400,,,,,,,
76679,,LSO,Ground,2400,,,,,,,
76680,,LSO,Ground,2400,,,,,,,
76681,,LSO,Ground,2400,,,,,,,
76682,,LSO,Ground,2400,,,,,,,
76684,,LSO,Ground,2400,,,,,,,
76685,,LSO,Ground,2400,,,,,,,
76686,,LSO,Ground,2400,,,,,,,
76687,,LSO,Ground,2400,,,,,,,
76689,,LSO,Ground,2400,,,,,,,
76690,,LSO,Ground,2400,,,,,,,
76691,,LSO,Ground,2400,,,,,,,
76692,,LSO,Ground,2400,,,,,,,
76693,,LSO,Ground,2400,,,,,,,
76701,,LSO,Ground,2400,,,,,,,
76702,,LSO,Ground,2400,,,,,,,
76703,,LSO,Ground,2400,,,,,,,
76704,,LSO,Ground,2400,,,,,,,
76705,,LSO,Ecom,2400,,,,,,,
76706,,LSO,Ecom,2400,,,,,,,
76707,,LSO,Ecom,2400,,,,,,,
76708,,LSO,Ecom,2400,,,,,,,
76710,,LSO,Ecom,2400,,,,,,,
76711,,LSO,Ecom,2400,,,,,,,
76712,,LSO,Ecom,2400,,,,,,,
76714,,LSO,Ground,2400,,,,,,,
76715,,LSO,Ground,2400,,,,,,,
76716,,LSO,Ground,2400,,,,,,,
76795,,LSO,Ground,2400,,,,,,,
76797,,LSO,Ground,2400,,,,,,,
76798,,LSO,Ground,2400,,,,,,,
76799,,LSO,Ground,2400,,,,,,,
76801,,LSO,Ecom,2400,,,,,,,
76802,,LSO,Ecom,2400,,,,,,,
76803,,LSO,Ground,2400,,,,,,,
76804,,LSO,Ground,2400,,,,,,,
76820,,LSO,Ground,2400,,,,,,,
76821,,LSO,Ground,2400,,,,,,,
76823,,LSO,Ground,2400,,,,,,,
76824,,LSO,Ground,2400,,,,,,,
76825,,LSO,Ground,2400,,,,,,,
76827,,LSO,Ground,2400,,,,,,,
76828,,LSO,Ground,2400,,,,,,,
76831,,LSO,Ground,2400,,,,,,,
76832,,LSO,Ground,2400,,,,,,,
76834,,LSO,Ground,2400,,,,,,,
76836,,LSO,Ground,2400,,,,,,,
76837,,LSO,Ground,2400,,,,,,,
76841,,LSO,Ground,2400,,,,,,,
76842,,LSO,Ground,2400,,,,,,,
76844,,LSO,Ground,2400,,,,,,,
76845,,LSO,Ground,2400,,,,,,,
76848,,LSO,Ground,2400,,,,,,,
76849,,LSO,Ground,2400,,,,,,,
76852,,LSO,Ground,2400,,,,,,,
76853,,LSO,Ground,2400,,,,,,,
76854,,LSO,Ground,2400,,,,,,,
76855,,LSO,Ground,2400,,,,,,,
76856,,LSO,Ground,2400,,,,,,,
76857,,LSO,Ground,2400,,,,,,,
76858,,LSO,Ground,2400,,,,,,,
76859,,LSO,Ground,2400,,,,,,,
76861,,LSO,Ground,2400,,,,,,,
76862,,LSO,Ground,2400,,,,,,,
76864,,LSO,Ground,2400,,,,,,,
76865,,LSO,Ground,2400,,,,,,,
76866,,LSO,Ground,2400,,,,,,,
76869,,LSO,Ground,2400,,,,,,,
76870,,LSO,Ground,2400,,,,,,,
76871,,LSO,Ground,2400,,,,,,,
76872,,LSO,Ground,2400,,,,,,,
76873,,LSO,Ground,2400,,,,,,,
76874,,LSO,Ground,2400,,,,,,,
76875,,LSO,Ground,2400,,,,,,,
76877,,LSO,Ground,2400,,,,,,,
76878,,LSO,Ground,2400,,,,,,,
76880,,LSO,Ground,2400,,,,,,,
76882,,LSO,Ground,2400,,,,,,,
76883,,LSO,Ground,2400,,,,,,,
76884,,LSO,Ground,2400,,,,,,,
76885,,LSO,Ground,2400,,,,,,,
76886,,LSO,Ground,2400,,,,,,,
76887,,LSO,Ground,2400,,,,,,,
76888,,LSO,Ground,2400,,,,,,,
76890,,LSO,Ground,2400,,,,,,,
76901,,LSO,Ecom,2400,,,,,,,
76902,,LSO,Ground,2400,,,,,,,
76903,,LSO,Ecom,2400,,,,,,,
76904,,LSO,Ecom,2400,,,,,,,
76905,,LSO,Ground,2400,,,,,,,
76906,,LSO,Ground,2400,,,,,,,
76908,,LSO,Ground,2400,,,,,,,
76909,,LSO,Ground,2400,,,,,,,
76930,,LSO,Ground,2400,,,,,,,
76932,,LSO,Ground,2400,,,,,,,
76933,,LSO,Ground,2400,,,,,,,
76934,,LSO,Ground,2400,,,,,,,
76935,,LSO,Ground,2400,,,,,,,
76936,,LSO,Ground,2400,,,,,,,
76937,,LSO,Ground,2400,,,,,,,
76939,,LSO,Ground,2400,,,,,,,
76940,,LSO,Ground,2400,,,,,,,
76941,,LSO,Ground,2400,,,,,,,
76943,,LSO,Ground,2400,,,,,,,
76945,,LSO,Ground,2400,,,,,,,
76949,,LSO,Ground,2400,,,,,,,
76950,,LSO,Ground,2400,,,,,,,
76951,,LSO,Ground,2400,,,,,,,
76953,,LSO,Ground,2400,,,,,,,
76955,,LSO,Ground,2400,,,,,,,
76957,,LSO,Ground,2400,,,,,,,
76958,,LSO,Ground,2400,,,,,,,
77001,,LSO,Ecom,2400,,,,,,,
77002,,LSO,Ecom,2400,,,,,,,
77003,,LSO,Ecom,2400,,,,,,,
77004,,LSO,Ecom,2400,,,,,,,
77005,,LSO,Ecom,2400,,,,,,,
77006,,LSO,Ecom,2400,,,,,,,
77007,,LSO,Ecom,2400,,,,,,,
77008,,LSO,Ecom,2400,,,,,,,
77009,,LSO,Ecom,2400,,,,,,,
77010,,LSO,Ecom,2400,,,,,,,
77011,,LSO,Ecom,2400,,,,,,,
77012,,LSO,Ecom,2400,,,,,,,
77013,,LSO,Ecom,2400,,,,,,,
77014,,LSO,Ecom,2400,,,,,,,
77015,,LSO,Ecom,2400,,,,,,,
77016,,LSO,Ecom,2400,,,,,,,
77017,,LSO,Ecom,2400,,,,,,,
77018,,LSO,Ecom,2400,,,,,,,
77019,,LSO,Ecom,2400,,,,,,,
77020,,LSO,Ecom,2400,,,,,,,
77021,,LSO,Ecom,2400,,,,,,,
77022,,LSO,Ecom,2400,,,,,,,
77023,,LSO,Ecom,2400,,,,,,,
77024,,LSO,Ecom,2400,,,,,,,
77025,,LSO,Ecom,2400,,,,,,,
77026,,LSO,Ecom,2400,,,,,,,
77027,,LSO,Ecom,2400,,,,,,,
77028,,LSO,Ecom,2400,,,,,,,
77029,,LSO,Ecom,2400,,,,,,,
77030,,LSO,Ecom,2400,,,,,,,
77031,,LSO,Ecom,2400,,,,,,,
77032,,LSO,Ecom,2400,,,,,,,
77033,,LSO,Ecom,2400,,,,,,,
77034,,LSO,Ecom,2400,,,,,,,
77035,,LSO,Ecom,2400,,,,,,,
77036,,LSO,Ecom,2400,,,,,,,
77037,,LSO,Ecom,2400,,,,,,,
77038,,LSO,Ecom,2400,,,,,,,
77039,,LSO,Ecom,2400,,,,,,,
77040,,LSO,Ecom,2400,,,,,,,
77041,,LSO,Ecom,2400,,,,,,,
77042,,LSO,Ecom,2400,,,,,,,
77043,,LSO,Ecom,2400,,,,,,,
77044,,LSO,Ecom,2400,,,,,,,
77045,,LSO,Ecom,2400,,,,,,,
77046,,LSO,Ecom,2400,,,,,,,
77047,,LSO,Ecom,2400,,,,,,,
77048,,LSO,Ecom,2400,,,,,,,
77049,,LSO,Ecom,2400,,,,,,,
77050,,LSO,Ecom,2400,,,,,,,
77051,,LSO,Ecom,2400,,,,,,,
77052,,LSO,Ecom,2400,,,,,,,
77053,,LSO,Ecom,2400,,,,,,,
77054,,LSO,Ecom,2400,,,,,,,
77055,,LSO,Ecom,2400,,,,,,,
77056,,LSO,Ecom,2400,,,,,,,
77057,,LSO,Ecom,2400,,,,,,,
77058,,LSO,Ecom,2400,,,,,,,
77059,,LSO,Ecom,2400,,,,,,,
77060,,LSO,Ecom,2400,,,,,,,
77061,,LSO,Ecom,2400,,,,,,,
77062,,LSO,Ecom,2400,,,,,,,
77063,,LSO,Ecom,2400,,,,,,,
77064,,LSO,Ecom,2400,,,,,,,
77065,,LSO,Ecom,2400,,,,,,,
77066,,LSO,Ecom,2400,,,,,,,
77067,,LSO,Ecom,2400,,,,,,,
77068,,LSO,Ecom,2400,,,,,,,
77069,,LSO,Ecom,2400,,,,,,,
77070,,LSO,Ecom,2400,,,,,,,
77071,,LSO,Ecom,2400,,,,,,,
77072,,LSO,Ecom,2400,,,,,,,
77073,,LSO,Ecom,2400,,,,,,,
77074,,LSO,Ecom,2400,,,,,,,
77075,,LSO,Ecom,2400,,,,,,,
77076,,LSO,Ecom,2400,,,,,,,
77077,,LSO,Ecom,2400,,,,,,,
77078,,LSO,Ecom,2400,,,,,,,
77079,,LSO,Ecom,2400,,,,,,,
77080,,LSO,Ecom,2400,,,,,,,
77081,,LSO,Ecom,2400,,,,,,,
77082,,LSO,Ecom,2400,,,,,,,
77083,,LSO,Ecom,2400,,,,,,,
77084,,LSO,Ecom,2400,,,,,,,
77085,,LSO,Ecom,2400,,,,,,,
77086,,LSO,Ecom,2400,,,,,,,
77087,,LSO,Ecom,2400,,,,,,,
77088,,LSO,Ecom,2400,,,,,,,
77089,,LSO,Ecom,2400,,,,,,,
77090,,LSO,Ecom,2400,,,,,,,
77091,,LSO,Ecom,2400,,,,,,,
77092,,LSO,Ecom,2400,,,,,,,
77093,,LSO,Ecom,2400,,,,,,,
77094,,LSO,Ecom,2400,,,,,,,
77095,,LSO,Ecom,2400,,,,,,,
77096,,LSO,Ecom,2400,,,,,,,
77098,,LSO,Ecom,2400,,,,,,,
77099,,LSO,Ecom,2400,,,,,,,
77201,,LSO,Ecom,2400,,,,,,,
77202,,LSO,Ecom,2400,,,,,,,
77203,,LSO,Ecom,2400,,,,,,,
77204,,LSO,Ecom,2400,,,,,,,
77205,,LSO,Ecom,2400,,,,,,,
77206,,LSO,Ecom,2400,,,,,,,
77207,,LSO,Ecom,2400,,,,,,,
77208,,LSO,Ecom,2400,,,,,,,
77209,,LSO,Ecom,2400,,,,,,,
77210,,LSO,Ecom,2400,,,,,,,
77212,,LSO,Ecom,2400,,,,,,,
77213,,LSO,Ecom,2400,,,,,,,
77215,,LSO,Ecom,2400,,,,,,,
77216,,LSO,Ecom,2400,,,,,,,
77217,,LSO,Ecom,2400,,,,,,,
77218,,LSO,Ecom,2400,,,,,,,
77219,,LSO,Ecom,2400,,,,,,,
77220,,LSO,Ecom,2400,,,,,,,
77221,,LSO,Ecom,2400,,,,,,,
77222,,LSO,Ecom,2400,,,,,,,
77223,,LSO,Ecom,2400,,,,,,,
77224,,LSO,Ecom,2400,,,,,,,
77225,,LSO,Ecom,2400,,,,,,,
77226,,LSO,Ecom,2400,,,,,,,
77227,,LSO,Ecom,2400,,,,,,,
77228,,LSO,Ecom,2400,,,,,,,
77229,,LSO,Ecom,2400,,,,,,,
77230,,LSO,Ecom,2400,,,,,,,
77231,,LSO,Ecom,2400,,,,,,,
77233,,LSO,Ecom,2400,,,,,,,
77234,,LSO,Ecom,2400,,,,,,,
77235,,LSO,Ecom,2400,,,,,,,
77236,,LSO,Ecom,2400,,,,,,,
77237,,LSO,Ecom,2400,,,,,,,
77238,,LSO,Ecom,2400,,,,,,,
77240,,LSO,Ecom,2400,,,,,,,
77241,,LSO,Ecom,2400,,,,,,,
77242,,LSO,Ecom,2400,,,,,,,
77243,,LSO,Ecom,2400,,,,,,,
77244,,LSO,Ecom,2400,,,,,,,
77245,,LSO,Ecom,2400,,,,,,,
77248,,LSO,Ecom,2400,,,,,,,
77249,,LSO,Ecom,2400,,,,,,,
77251,,LSO,Ecom,2400,,,,,,,
77252,,LSO,Ecom,2400,,,,,,,
77253,,LSO,Ecom,2400,,,,,,,
77254,,LSO,Ecom,2400,,,,,,,
77255,,LSO,Ecom,2400,,,,,,,
77256,,LSO,Ecom,2400,,,,,,,
77257,,LSO,Ecom,2400,,,,,,,
77258,,LSO,Ecom,2400,,,,,,,
77259,,LSO,Ecom,2400,,,,,,,
77261,,LSO,Ecom,2400,,,,,,,
77262,,LSO,Ecom,2400,,,,,,,
77263,,LSO,Ecom,2400,,,,,,,
77265,,LSO,Ecom,2400,,,,,,,
77266,,LSO,Ecom,2400,,,,,,,
77267,,LSO,Ecom,2400,,,,,,,
77268,,LSO,Ecom,2400,,,,,,,
77269,,LSO,Ecom,2400,,,,,,,
77270,,LSO,Ecom,2400,,,,,,,
77271,,LSO,Ecom,2400,,,,,,,
77272,,LSO,Ecom,2400,,,,,,,
77273,,LSO,Ecom,2400,,,,,,,
77274,,LSO,Ecom,2400,,,,,,,
77275,,LSO,Ecom,2400,,,,,,,
77277,,LSO,Ecom,2400,,,,,,,
77279,,LSO,Ecom,2400,,,,,,,
77280,,LSO,Ecom,2400,,,,,,,
77281,,LSO,Ecom,2400,,,,,,,
77282,,LSO,Ecom,2400,,,,,,,
77284,,LSO,Ecom,2400,,,,,,,
77287,,LSO,Ecom,2400,,,,,,,
77288,,LSO,Ecom,2400,,,,,,,
77289,,LSO,Ecom,2400,,,,,,,
77290,,LSO,Ecom,2400,,,,,,,
77291,,LSO,Ecom,2400,,,,,,,
77292,,LSO,Ecom,2400,,,,,,,
77293,,LSO,Ecom,2400,,,,,,,
77297,,LSO,Ecom,2400,,,,,,,
77298,,LSO,Ecom,2400,,,,,,,
77299,,LSO,Ecom,2400,,,,,,,
77301,,LSO,Ecom,2400,,,,,,,
77302,,LSO,Ecom,2400,,,,,,,
77303,,LSO,Ecom,2400,,,,,,,
77304,,LSO,Ecom,2400,,,,,,,
77305,,LSO,Ecom,2400,,,,,,,
77306,,LSO,Ground,2400,,,,,,,
77315,,LSO,Ground,2400,,,,,,,
77316,,LSO,Ground,2400,,,,,,,
77318,,LSO,Ground,2400,,,,,,,
77320,,LSO,Ground,2400,,,,,,,
77325,,LSO,Ground,2400,,,,,,,
77326,,LSO,Ground,2400,,,,,,,
77327,,LSO,Ground,2400,,,,,,,
77328,,LSO,Ground,2400,,,,,,,
77331,,LSO,Ground,2400,,,,,,,
77332,,LSO,Ground,2400,,,,,,,
77333,,LSO,Ground,2400,,,,,,,
77334,,LSO,Ground,2400,,,,,,,
77335,,LSO,Ground,2400,,,,,,,
77336,,LSO,Ground,2400,,,,,,,
77338,,LSO,Ecom,2400,,,,,,,
77339,,LSO,Ecom,2400,,,,,,,
77340,,LSO,Ground,2400,,,,,,,
77341,,LSO,Ground,2400,,,,,,,
77342,,LSO,Ground,2400,,,,,,,
77343,,LSO,Ground,2400,,,,,,,
77344,,LSO,Ground,2400,,,,,,,
77345,,LSO,Ecom,2400,,,,,,,
77346,,LSO,Ecom,2400,,,,,,,
77347,,LSO,Ground,2400,,,,,,,
77348,,LSO,Ground,2400,,,,,,,
77349,,LSO,Ground,2400,,,,,,,
77350,,LSO,Ground,2400,,,,,,,
77351,,LSO,Ground,2400,,,,,,,
77353,,LSO,Ground,2400,,,,,,,
77354,,LSO,Ecom,2400,,,,,,,
77355,,LSO,Ecom,2400,,,,,,,
77356,,LSO,Ground,2400,,,,,,,
77357,,LSO,Ecom,2400,,,,,,,
77358,,LSO,Ground,2400,,,,,,,
77359,,LSO,Ground,2400,,,,,,,
77360,,LSO,Ground,2400,,,,,,,
77362,,LSO,Ground,2400,,,,,,,
77363,,LSO,Ground,2400,,,,,,,
77364,,LSO,Ground,2400,,,,,,,
77365,,LSO,Ecom,2400,,,,,,,
77367,,LSO,Ground,2400,,,,,,,
77368,,LSO,Ground,2400,,,,,,,
77369,,LSO,Ground,2400,,,,,,,
77371,,LSO,Ground,2400,,,,,,,
77372,,LSO,Ground,2400,,,,,,,
77373,,LSO,Ecom,2400,,,,,,,
77374,,LSO,Ground,2400,,,,,,,
77375,,LSO,Ecom,2400,,,,,,,
77376,,LSO,Ground,2400,,,,,,,
77377,,LSO,Ecom,2400,,,,,,,
77378,,LSO,Ground,2400,,,,,,,
77379,,LSO,Ecom,2400,,,,,,,
77380,,LSO,Ecom,2400,,,,,,,
77381,,LSO,Ecom,2400,,,,,,,
77382,,LSO,Ecom,2400,,,,,,,
77383,,LSO,Ecom,2400,,,,,,,
77384,,LSO,Ecom,2400,,,,,,,
77385,,LSO,Ecom,2400,,,,,,,
77386,,LSO,Ecom,2400,,,,,,,
77387,,LSO,Ecom,2400,,,,,,,
77388,,LSO,Ecom,2400,,,,,,,
77389,,LSO,Ecom,2400,,,,,,,
77391,,LSO,Ecom,2400,,,,,,,
77393,,LSO,Ecom,2400,,,,,,,
77396,,LSO,Ecom,2400,,,,,,,
77399,,LSO,Ground,2400,,,,,,,
77401,,LSO,Ecom,2400,,,,,,,
77402,,LSO,Ground,2400,,,,,,,
77404,,LSO,Ground,2400,,,,,,,
77406,,LSO,Ground,2400,,,,,,,
77407,,LSO,Ecom,2400,,,,,,,
77410,,LSO,Ground,2400,,,,,,,
77411,,LSO,Ground,2400,,,,,,,
77412,,LSO,Ground,2400,,,,,,,
77413,,LSO,Ground,2400,,,,,,,
77414,,LSO,Ground,2400,,,,,,,
77415,,LSO,Ground,2400,,,,,,,
77417,,LSO,Ground,2400,,,,,,,
77418,,LSO,Ground,2400,,,,,,,
77419,,LSO,Ground,2400,,,,,,,
77420,,LSO,Ground,2400,,,,,,,
77422,,LSO,Ground,2400,,,,,,,
77423,,LSO,Ground,2400,,,,,,,
77426,,LSO,Ground,2400,,,,,,,
77428,,LSO,Ground,2400,,,,,,,
77429,,LSO,Ecom,2400,,,,,,,
77430,,LSO,Ground,2400,,,,,,,
77431,,LSO,Ground,2400,,,,,,,
77432,,LSO,Ground,2400,,,,,,,
77433,,LSO,Ecom,2400,,,,,,,
77434,,LSO,Ground,2400,,,,,,,
77435,,LSO,Ground,2400,,,,,,,
77436,,LSO,Ground,2400,,,,,,,
77437,,LSO,Ground,2400,,,,,,,
77440,,LSO,Ground,2400,,,,,,,
77441,,LSO,Ground,2400,,,,,,,
77442,,LSO,Ground,2400,,,,,,,
77443,,LSO,Ground,2400,,,,,,,
77444,,LSO,Ground,2400,,,,,,,
77445,,LSO,Ground,2400,,,,,,,
77446,,LSO,Ground,2400,,,,,,,
77447,,LSO,Ground,2400,,,,,,,
77448,,LSO,Ground,2400,,,,,,,
77449,,LSO,Ecom,2400,,,,,,,
77450,,LSO,Ecom,2400,,,,,,,
77451,,LSO,Ground,2400,,,,,,,
77452,,LSO,Ground,2400,,,,,,,
77453,,LSO,Ground,2400,,,,,,,
77454,,LSO,Ground,2400,,,,,,,
77455,,LSO,Ground,2400,,,,,,,
77456,,LSO,Ground,2400,,,,,,,
77457,,LSO,Ground,2400,,,,,,,
77458,,LSO,Ground,2400,,,,,,,
77459,,LSO,Ecom,2400,,,,,,,
77460,,LSO,Ground,2400,,,,,,,
77461,,LSO,Ground,2400,,,,,,,
77463,,LSO,Ground,2400,,,,,,,
77464,,LSO,Ground,2400,,,,,,,
77465,,LSO,Ground,2400,,,,,,,
77466,,LSO,Ground,2400,,,,,,,
77467,,LSO,Ground,2400,,,,,,,
77468,,LSO,Ground,2400,,,,,,,
77469,,LSO,Ground,2400,,,,,,,
77470,,LSO,Ground,2400,,,,,,,
77471,,LSO,Ground,2400,,,,,,,
77473,,LSO,Ground,2400,,,,,,,
77474,,LSO,Ground,2400,,,,,,,
77475,,LSO,Ground,2400,,,,,,,
77476,,LSO,Ground,2400,,,,,,,
77477,,LSO,Ecom,2400,,,,,,,
77478,,LSO,Ecom,2400,,,,,,,
77479,,LSO,Ecom,2400,,,,,,,
77480,,LSO,Ground,2400,,,,,,,
77481,,LSO,Ground,2400,,,,,,,
77482,,LSO,Ground,2400,,,,,,,
77483,,LSO,Ground,2400,,,,,,,
77484,,LSO,Ground,2400,,,,,,,
77485,,LSO,Ground,2400,,,,,,,
77486,,LSO,Ground,2400,,,,,,,
77487,,LSO,Ecom,2400,,,,,,,
77488,,LSO,Ground,2400,,,,,,,
77489,,LSO,Ecom,2400,,,,,,,
77491,,LSO,Ground,2400,,,,,,,
77492,,LSO,Ecom,2400,,,,,,,
77493,,LSO,Ecom,2400,,,,,,,
77494,,LSO,Ecom,2400,,,,,,,
77496,,LSO,Ecom,2400,,,,,,,
77497,,LSO,Ecom,2400,,,,,,,
77498,,LSO,Ecom,2400,,,,,,,
77501,,LSO,Ground,2400,,,,,,,
77502,,LSO,Ecom,2400,,,,,,,
77503,,LSO,Ecom,2400,,,,,,,
77504,,LSO,Ecom,2400,,,,,,,
77505,,LSO,Ecom,2400,,,,,,,
77506,,LSO,Ecom,2400,,,,,,,
77507,,LSO,Ground,2400,,,,,,,
77508,,LSO,Ground,2400,,,,,,,
77510,,LSO,Ground,2400,,,,,,,
77511,,LSO,Ecom,2400,,,,,,,
77512,,LSO,Ground,2400,,,,,,,
77514,,LSO,Ground,2400,,,,,,,
77515,,LSO,Ground,2400,,,,,,,
77516,,LSO,Ground,2400,,,,,,,
77517,,LSO,Ground,2400,,,,,,,
77518,,LSO,Ground,2400,,,,,,,
77519,,LSO,Ground,2400,,,,,,,
77520,,LSO,Ecom,2400,,,,,,,
77521,,LSO,Ecom,2400,,,,,,,
77522,,LSO,Ground,2400,,,,,,,
77523,,LSO,Ecom,2400,,,,,,,
77530,,LSO,Ecom,2400,,,,,,,
77531,,LSO,Ground,2400,,,,,,,
77532,,LSO,Ecom,2400,,,,,,,
77533,,LSO,Ground,2400,,,,,,,
77534,,LSO,Ground,2400,,,,,,,
77535,,LSO,Ground,2400,,,,,,,
77536,,LSO,Ecom,2400,,,,,,,
77538,,LSO,Ground,2400,,,,,,,
77539,,LSO,Ecom,2400,,,,,,,
77541,,LSO,Ground,2400,,,,,,,
77542,,LSO,Ground,2400,,,,,,,
77545,,LSO,Ecom,2400,,,,,,,
77546,,LSO,Ecom,2400,,,,,,,
77547,,LSO,Ecom,2400,,,,,,,
77549,,LSO,Ground,2400,,,,,,,
77550,,LSO,Ecom,2400,,,,,,,
77551,,LSO,Ecom,2400,,,,,,,
77552,,LSO,Ecom,2400,,,,,,,
77553,,LSO,Ecom,2400,,,,,,,
77554,,LSO,Ecom,2400,,,,,,,
77555,,LSO,Ecom,2400,,,,,,,
77560,,LSO,Ground,2400,,,,,,,
77561,,LSO,Ground,2400,,,,,,,
77562,,LSO,Ecom,2400,,,,,,,
77563,,LSO,Ground,2400,,,,,,,
77564,,LSO,Ground,2400,,,,,,,
77565,,LSO,Ground,2400,,,,,,,
77566,,LSO,Ground,2400,,,,,,,
77568,,LSO,Ground,2400,,,,,,,
77571,,LSO,Ecom,2400,,,,,,,
77572,,LSO,Ground,2400,,,,,,,
77573,,LSO,Ecom,2400,,,,,,,
77574,,LSO,Ground,2400,,,,,,,
77575,,LSO,Ground,2400,,,,,,,
77577,,LSO,Ground,2400,,,,,,,
77578,,LSO,Ecom,2400,,,,,,,
77580,,LSO,Ground,2400,,,,,,,
77581,,LSO,Ecom,2400,,,,,,,
77582,,LSO,Ground,2400,,,,,,,
77583,,LSO,Ecom,2400,,,,,,,
77584,,LSO,Ecom,2400,,,,,,,
77585,,LSO,Ground,2400,,,,,,,
77586,,LSO,Ecom,2400,,,,,,,
77587,,LSO,Ecom,2400,,,,,,,
77588,,LSO,Ground,2400,,,,,,,
77590,,LSO,Ground,2400,,,,,,,
77591,,LSO,Ecom,2400,,,,,,,
77592,,LSO,Ground,2400,,,,,,,
77597,,LSO,Ground,2400,,,,,,,
77598,,LSO,Ecom,2400,,,,,,,
77611,,LSO,Ecom,2400,,,,,,,
77612,,LSO,Ground,2400,,,,,,,
77613,,LSO,Ground,2400,,,,,,,
77614,,LSO,Ground,2400,,,,,,,
77615,,LSO,Ground,2400,,,,,,,
77616,,LSO,Ground,2400,,,,,,,
77617,,LSO,Ground,2400,,,,,,,
77619,,LSO,Ecom,2400,,,,,,,
77622,,LSO,Ground,2400,,,,,,,
77623,,LSO,Ground,2400,,,,,,,
77624,,LSO,Ground,2400,,,,,,,
77625,,LSO,Ground,2400,,,,,,,
77626,,LSO,Ground,2400,,,,,,,
77627,,LSO,Ecom,2400,,,,,,,
77629,,LSO,Ground,2400,,,,,,,
77630,,LSO,Ecom,2400,,,,,,,
77631,,LSO,Ground,2400,,,,,,,
77632,,LSO,Ecom,2400,,,,,,,
77639,,LSO,Ground,2400,,,,,,,
77640,,LSO,Ecom,2400,,,,,,,
77641,,LSO,Ground,2400,,,,,,,
77642,,LSO,Ecom,2400,,,,,,,
77643,,LSO,Ground,2400,,,,,,,
77650,,LSO,Ground,2400,,,,,,,
77651,,LSO,Ecom,2400,,,,,,,
77655,,LSO,Ground,2400,,,,,,,
77656,,LSO,Ground,2400,,,,,,,
77657,,LSO,Ecom,2400,,,,,,,
77659,,LSO,Ground,2400,,,,,,,
77660,,LSO,Ground,2400,,,,,,,
77661,,LSO,Ground,2400,,,,,,,
77662,,LSO,Ecom,2400,,,,,,,
77663,,LSO,Ground,2400,,,,,,,
77664,,LSO,Ground,2400,,,,,,,
77665,,LSO,Ground,2400,,,,,,,
77670,,LSO,Ground,2400,,,,,,,
77701,,LSO,Ecom,2400,,,,,,,
77702,,LSO,Ecom,2400,,,,,,,
77703,,LSO,Ecom,2400,,,,,,,
77704,,LSO,Ground,2400,,,,,,,
77705,,LSO,Ecom,2400,,,,,,,
77706,,LSO,Ecom,2400,,,,,,,
77707,,LSO,Ecom,2400,,,,,,,
77708,,LSO,Ecom,2400,,,,,,,
77709,,LSO,Ground,2400,,,,,,,
77710,,LSO,Ground,2400,,,,,,,
77713,,LSO,Ecom,2400,,,,,,,
77720,,LSO,Ground,2400,,,,,,,
77725,,LSO,Ground,2400,,,,,,,
77726,,LSO,Ground,2400,,,,,,,
77801,,LSO,Ecom,2400,,,,,,,
77802,,LSO,Ecom,2400,,,,,,,
77803,,LSO,Ecom,2400,,,,,,,
77805,,LSO,Ground,2400,,,,,,,
77806,,LSO,Ground,2400,,,,,,,
77807,,LSO,Ecom,2400,,,,,,,
77808,,LSO,Ecom,2400,,,,,,,
77830,,LSO,Ground,2400,,,,,,,
77831,,LSO,Ground,2400,,,,,,,
77833,,LSO,Ground,2400,,,,,,,
77834,,LSO,Ground,2400,,,,,,,
77835,,LSO,Ground,2400,,,,,,,
77836,,LSO,Ground,2400,,,,,,,
77837,,LSO,Ground,2400,,,,,,,
77838,,LSO,Ground,2400,,,,,,,
77840,,LSO,Ecom,2400,,,,,,,
77841,,LSO,Ground,2400,,,,,,,
77842,,LSO,Ground,2400,,,,,,,
77843,,LSO,Ground,2400,,,,,,,
77844,,LSO,Ground,2400,,,,,,,
77845,,LSO,Ecom,2400,,,,,,,
77850,,LSO,Ground,2400,,,,,,,
77852,,LSO,Ground,2400,,,,,,,
77853,,LSO,Ground,2400,,,,,,,
77855,,LSO,Ground,2400,,,,,,,
77856,,LSO,Ground,2400,,,,,,,
77857,,LSO,Ground,2400,,,,,,,
77859,,LSO,Ground,2400,,,,,,,
77861,,LSO,Ground,2400,,,,,,,
77862,,LSO,Ground,2400,,,,,,,
77863,,LSO,Ground,2400,,,,,,,
77864,,LSO,Ground,2400,,,,,,,
77865,,LSO,Ground,2400,,,,,,,
77866,,LSO,Ground,2400,,,,,,,
77867,,LSO,Ground,2400,,,,,,,
77868,,LSO,Ground,2400,,,,,,,
77869,,LSO,Ground,2400,,,,,,,
77870,,LSO,Ground,2400,,,,,,,
77871,,LSO,Ground,2400,,,,,,,
77872,,LSO,Ground,2400,,,,,,,
77873,,LSO,Ground,2400,,,,,,,
77875,,LSO,Ground,2400,,,,,,,
77876,,LSO,Ground,2400,,,,,,,
77878,,LSO,Ground,2400,,,,,,,
77879,,LSO,Ground,2400,,,,,,,
77880,,LSO,Ground,2400,,,,,,,
77881,,LSO,Ground,2400,,,,,,,
77882,,LSO,Ground,2400,,,,,,,
77901,,LSO,Ecom,2400,,,,,,,
77902,,LSO,Ground,2400,,,,,,,
77903,,LSO,Ground,2400,,,,,,,
77904,,LSO,Ecom,2400,,,,,,,
77905,,LSO,Ecom,2400,,,,,,,
77950,,LSO,Ground,2400,,,,,,,
77951,,LSO,Ground,2400,,,,,,,
77954,,LSO,Ground,2400,,,,,,,
77957,,LSO,Ground,2400,,,,,,,
77960,,LSO,Ground,2400,,,,,,,
77961,,LSO,Ground,2400,,,,,,,
77962,,LSO,Ground,2400,,,,,,,
77963,,LSO,Ground,2400,,,,,,,
77964,,LSO,Ground,2400,,,,,,,
77967,,LSO,Ground,2400,,,,,,,
77968,,LSO,Ground,2400,,,,,,,
77969,,LSO,Ground,2400,,,,,,,
77970,,LSO,Ground,2400,,,,,,,
77971,,LSO,Ground,2400,,,,,,,
77973,,LSO,Ground,2400,,,,,,,
77974,,LSO,Ground,2400,,,,,,,
77975,,LSO,Ground,2400,,,,,,,
77976,,LSO,Ground,2400,,,,,,,
77977,,LSO,Ground,2400,,,,,,,
77978,,LSO,Ground,2400,,,,,,,
77979,,LSO,Ground,2400,,,,,,,
77982,,LSO,Ground,2400,,,,,,,
77983,,LSO,Ground,2400,,,,,,,
77984,,LSO,Ground,2400,,,,,,,
77986,,LSO,Ground,2400,,,,,,,
77987,,LSO,Ground,2400,,,,,,,
77988,,LSO,Ground,2400,,,,,,,
77989,,LSO,Ground,2400,,,,,,,
77990,,LSO,Ground,2400,,,,,,,
77991,,LSO,Ground,2400,,,,,,,
77993,,LSO,Ground,2400,,,,,,,
77994,,LSO,Ground,2400,,,,,,,
77995,,LSO,Ground,2400,,,,,,,
78001,,LSO,Ground,2400,,,,,,,
78002,,LSO,Ground,2400,,,,,,,
78003,,LSO,Ground,2400,,,,,,,
78004,,LSO,Ground,2400,,,,,,,
78005,,LSO,Ground,2400,,,,,,,
78006,,LSO,Ground,2400,,,,,,,
78007,,LSO,Ground,2400,,,,,,,
78008,,LSO,Ground,2400,,,,,,,
78009,,LSO,Ground,2400,,,,,,,
78010,,LSO,Ground,2400,,,,,,,
78011,,LSO,Ground,2400,,,,,,,
78012,,LSO,Ground,2400,,,,,,,
78013,,LSO,Ground,2400,,,,,,,
78014,,LSO,Ground,2400,,,,,,,
78015,,LSO,Ground,2400,,,,,,,
78016,,LSO,Ground,2400,,,,,,,
78017,,LSO,Ground,2400,,,,,,,
78019,,LSO,Ground,2400,,,,,,,
78021,,LSO,Ground,2400,,,,,,,
78022,,LSO,Ground,2400,,,,,,,
78023,,LSO,Ecom,2400,,,,,,,
78024,,LSO,Ground,2400,,,,,,,
78025,,LSO,Ground,2400,,,,,,,
78026,,LSO,Ground,2400,,,,,,,
78027,,LSO,Ground,2400,,,,,,,
78028,,LSO,Ground,2400,,,,,,,
78029,,LSO,Ground,2400,,,,,,,
78039,,LSO,Ground,2400,,,,,,,
78040,,LSO,Ecom,2400,,,,,,,
78041,,LSO,Ecom,2400,,,,,,,
78042,,LSO,Ecom,2400,,,,,,,
78043,,LSO,Ecom,2400,,,,,,,
78044,,LSO,Ground,2400,,,,,,,
78045,,LSO,Ecom,2400,,,,,,,
78046,,LSO,Ecom,2400,,,,,,,
78049,,LSO,Ground,2400,,,,,,,
78050,,LSO,Ground,2400,,,,,,,
78052,,LSO,Ground,2400,,,,,,,
78054,,LSO,Ground,2400,,,,,,,
78055,,LSO,Ground,2400,,,,,,,
78056,,LSO,Ground,2400,,,,,,,
78057,,LSO,Ground,2400,,,,,,,
78058,,LSO,Ground,2400,,,,,,,
78059,,LSO,Ground,2400,,,,,,,
78060,,LSO,Ground,2400,,,,,,,
78061,,LSO,Ground,2400,,,,,,,
78062,,LSO,Ground,2400,,,,,,,
78063,,LSO,Ground,2400,,,,,,,
78064,,LSO,Ground,2400,,,,,,,
78065,,LSO,Ground,2400,,,,,,,
78066,,LSO,Ground,2400,,,,,,,
78067,,LSO,Ground,2400,,,,,,,
78069,,LSO,Ground,2400,,,,,,,
78070,,LSO,Ground,2400,,,,,,,
78071,,LSO,Ground,2400,,,,,,,
78072,,LSO,Ground,2400,,,,,,,
78073,,LSO,Ground,2400,,,,,,,
78074,,LSO,Ground,2400,,,,,,,
78075,,LSO,Ground,2400,,,,,,,
78076,,LSO,Ground,2400,,,,,,,
78101,,LSO,Ground,2400,,,,,,,
78102,,LSO,Ground,2400,,,,,,,
78104,,LSO,Ground,2400,,,,,,,
78107,,LSO,Ground,2400,,,,,,,
78108,,LSO,Ecom,2400,,,,,,,
78109,,LSO,Ecom,2400,,,,,,,
78111,,LSO,Ground,2400,,,,,,,
78112,,LSO,Ground,2400,,,,,,,
78113,,LSO,Ground,2400,,,,,,,
78114,,LSO,Ground,2400,,,,,,,
78115,,LSO,Ground,2400,,,,,,,
78116,,LSO,Ground,2400,,,,,,,
78117,,LSO,Ground,2400,,,,,,,
78118,,LSO,Ground,2400,,,,,,,
78119,,LSO,Ground,2400,,,,,,,
78121,,LSO,Ground,2400,,,,,,,
78122,,LSO,Ground,2400,,,,,,,
78123,,LSO,Ground,2400,,,,,,,
78124,,LSO,Ground,2400,,,,,,,
78125,,LSO,Ground,2400,,,,,,,
78130,,LSO,Ecom,2400,,,,,,,
78131,,LSO,Ground,2400,,,,,,,
78132,,LSO,Ecom,2400,,,,,,,
78133,,LSO,Ground,2400,,,,,,,
78135,,LSO,Ground,2400,,,,,,,
78140,,LSO,Ground,2400,,,,,,,
78141,,LSO,Ground,2400,,,,,,,
78142,,LSO,Ground,2400,,,,,,,
78143,,LSO,Ground,2400,,,,,,,
78144,,LSO,Ground,2400,,,,,,,
78145,,LSO,Ground,2400,,,,,,,
78146,,LSO,Ground,2400,,,,,,,
78147,,LSO,Ground,2400,,,,,,,
78148,,LSO,Ecom,2400,,,,,,,
78150,,LSO,Ecom,2400,,,,,,,
78151,,LSO,Ground,2400,,,,,,,
78152,,LSO,Ground,2400,,,,,,,
78154,,LSO,Ecom,2400,,,,,,,
78155,,LSO,Ground,2400,,,,,,,
78156,,LSO,Ground,2400,,,,,,,
78159,,LSO,Ground,2400,,,,,,,
78160,,LSO,Ground,2400,,,,,,,
78161,,LSO,Ground,2400,,,,,,,
78162,,LSO,Ground,2400,,,,,,,
78163,,LSO,Ground,2400,,,,,,,
78164,,LSO,Ground,2400,,,,,,,
78201,,LSO,Ecom,2400,,,,,,,
78202,,LSO,Ecom,2400,,,,,,,
78203,,LSO,Ecom,2400,,,,,,,
78204,,LSO,Ecom,2400,,,,,,,
78205,,LSO,Ecom,2400,,,,,,,
78206,,LSO,Ecom,2400,,,,,,,
78207,,LSO,Ecom,2400,,,,,,,
78208,,LSO,Ecom,2400,,,,,,,
78209,,LSO,Ecom,2400,,,,,,,
78210,,LSO,Ecom,2400,,,,,,,
78211,,LSO,Ecom,2400,,,,,,,
78212,,LSO,Ecom,2400,,,,,,,
78213,,LSO,Ecom,2400,,,,,,,
78214,,LSO,Ecom,2400,,,,,,,
78215,,LSO,Ecom,2400,,,,,,,
78216,,LSO,Ecom,2400,,,,,,,
78217,,LSO,Ecom,2400,,,,,,,
78218,,LSO,Ecom,2400,,,,,,,
78219,,LSO,Ecom,2400,,,,,,,
78220,,LSO,Ecom,2400,,,,,,,
78221,,LSO,Ecom,2400,,,,,,,
78222,,LSO,Ecom,2400,,,,,,,
78223,,LSO,Ecom,2400,,,,,,,
78224,,LSO,Ecom,2400,,,,,,,
78225,,LSO,Ecom,2400,,,,,,,
78226,,LSO,Ecom,2400,,,,,,,
78227,,LSO,Ecom,2400,,,,,,,
78228,,LSO,Ecom,2400,,,,,,,
78229,,LSO,Ecom,2400,,,,,,,
78230,,LSO,Ecom,2400,,,,,,,
78231,,LSO,Ecom,2400,,,,,,,
78232,,LSO,Ecom,2400,,,,,,,
78233,,LSO,Ecom,2400,,,,,,,
78234,,LSO,Ecom,2400,,,,,,,
78235,,LSO,Ecom,2400,,,,,,,
78236,,LSO,Ecom,2400,,,,,,,
78237,,LSO,Ecom,2400,,,,,,,
78238,,LSO,Ecom,2400,,,,,,,
78239,,LSO,Ecom,2400,,,,,,,
78240,,LSO,Ecom,2400,,,,,,,
78241,,LSO,Ecom,2400,,,,,,,
78242,,LSO,Ecom,2400,,,,,,,
78243,,LSO,Ecom,2400,,,,,,,
78244,,LSO,Ecom,2400,,,,,,,
78245,,LSO,Ecom,2400,,,,,,,
78246,,LSO,Ecom,2400,,,,,,,
78247,,LSO,Ecom,2400,,,,,,,
78248,,LSO,Ecom,2400,,,,,,,
78249,,LSO,Ecom,2400,,,,,,,
78250,,LSO,Ecom,2400,,,,,,,
78251,,LSO,Ecom,2400,,,,,,,
78252,,LSO,Ecom,2400,,,,,,,
78253,,LSO,Ecom,2400,,,,,,,
78254,,LSO,Ecom,2400,,,,,,,
78255,,LSO,Ecom,2400,,,,,,,
78256,,LSO,Ecom,2400,,,,,,,
78257,,LSO,Ecom,2400,,,,,,,
78258,,LSO,Ecom,2400,,,,,,,
78259,,LSO,Ecom,2400,,,,,,,
78260,,LSO,Ecom,2400,,,,,,,
78261,,LSO,Ecom,2400,,,,,,,
78262,,LSO,Ecom,2400,,,,,,,
78263,,LSO,Ecom,2400,,,,,,,
78264,,LSO,Ecom,2400,,,,,,,
78265,,LSO,Ecom,2400,,,,,,,
78266,,LSO,Ecom,2400,,,,,,,
78268,,LSO,Ecom,2400,,,,,,,
78269,,LSO,Ecom,2400,,,,,,,
78270,,LSO,Ecom,2400,,,,,,,
78275,,LSO,Ecom,2400,,,,,,,
78278,,LSO,Ecom,2400,,,,,,,
78279,,LSO,Ecom,2400,,,,,,,
78280,,LSO,Ecom,2400,,,,,,,
78283,,LSO,Ecom,2400,,,,,,,
78284,,LSO,Ecom,2400,,,,,,,
78285,,LSO,Ecom,2400,,,,,,,
78286,,LSO,Ecom,2400,,,,,,,
78287,,LSO,Ecom,2400,,,,,,,
78288,,LSO,Ecom,2400,,,,,,,
78289,,LSO,Ecom,2400,,,,,,,
78291,,LSO,Ecom,2400,,,,,,,
78292,,LSO,Ecom,2400,,,,,,,
78293,,LSO,Ecom,2400,,,,,,,
78294,,LSO,Ecom,2400,,,,,,,
78295,,LSO,Ecom,2400,,,,,,,
78296,,LSO,Ecom,2400,,,,,,,
78297,,LSO,Ecom,2400,,,,,,,
78298,,LSO,Ecom,2400,,,,,,,
78299,,LSO,Ecom,2400,,,,,,,
78330,,LSO,Ground,2400,,,,,,,
78332,,LSO,Ground,2400,,,,,,,
78333,,LSO,Ground,2400,,,,,,,
78335,,LSO,Ground,2400,,,,,,,
78336,,LSO,Ecom,2400,,,,,,,
78338,,LSO,Ground,2400,,,,,,,
78339,,LSO,Ground,2400,,,,,,,
78340,,LSO,Ground,2400,,,,,,,
78341,,LSO,Ground,2400,,,,,,,
78342,,LSO,Ground,2400,,,,,,,
78343,,LSO,Ground,2400,,,,,,,
78344,,LSO,Ground,2400,,,,,,,
78347,,LSO,Ground,2400,,,,,,,
78349,,LSO,Ground,2400,,,,,,,
78350,,LSO,Ground,2400,,,,,,,
78351,,LSO,Ground,2400,,,,,,,
78352,,LSO,Ground,2400,,,,,,,
78353,,LSO,Ground,2400,,,,,,,
78355,,LSO,Ground,2400,,,,,,,
78357,,LSO,Ground,2400,,,,,,,
78358,,LSO,Ground,2400,,,,,,,
78359,,LSO,Ground,2400,,,,,,,
78360,,LSO,Ground,2400,,,,,,,
78361,,LSO,Ground,2400,,,,,,,
78362,,LSO,Ecom,2400,,,,,,,
78363,,LSO,Ground,2400,,,,,,,
78364,,LSO,Ground,2400,,,,,,,
78368,,LSO,Ground,2400,,,,,,,
78369,,LSO,Ground,2400,,,,,,,
78370,,LSO,Ground,2400,,,,,,,
78371,,LSO,Ground,2400,,,,,,,
78372,,LSO,Ground,2400,,,,,,,
78373,,LSO,Ecom,2400,,,,,,,
78374,,LSO,Ecom,2400,,,,,,,
78375,,LSO,Ground,2400,,,,,,,
78376,,LSO,Ground,2400,,,,,,,
78377,,LSO,Ground,2400,,,,,,,
78379,,LSO,Ground,2400,,,,,,,
78380,,LSO,Ecom,2400,,,,,,,
78381,,LSO,Ground,2400,,,,,,,
78382,,LSO,Ground,2400,,,,,,,
78383,,LSO,Ground,2400,,,,,,,
78384,,LSO,Ground,2400,,,,,,,
78385,,LSO,Ground,2400,,,,,,,
78387,,LSO,Ecom,2400,,,,,,,
78389,,LSO,Ground,2400,,,,,,,
78390,,LSO,Ground,2400,,,,,,,
78391,,LSO,Ground,2400,,,,,,,
78393,,LSO,Ground,2400,,,,,,,
78401,,LSO,Ecom,2400,,,,,,,
78402,,LSO,Ground,2400,,,,,,,
78403,,LSO,Ground,2400,,,,,,,
78404,,LSO,Ecom,2400,,,,,,,
78405,,LSO,Ecom,2400,,,,,,,
78406,,LSO,Ground,2400,,,,,,,
78407,,LSO,Ecom,2400,,,,,,,
78408,,LSO,Ecom,2400,,,,,,,
78409,,LSO,Ground,2400,,,,,,,
78410,,LSO,Ecom,2400,,,,,,,
78411,,LSO,Ecom,2400,,,,,,,
78412,,LSO,Ecom,2400,,,,,,,
78413,,LSO,Ecom,2400,,,,,,,
78414,,LSO,Ecom,2400,,,,,,,
78415,,LSO,Ecom,2400,,,,,,,
78416,,LSO,Ecom,2400,,,,,,,
78417,,LSO,Ground,2400,,,,,,,
78418,,LSO,Ecom,2400,,,,,,,
78419,,LSO,Ground,2400,,,,,,,
78426,,LSO,Ground,2400,,,,,,,
78427,,LSO,Ground,2400,,,,,,,
78460,,LSO,Ground,2400,,,,,,,
78461,,LSO,Ground,2400,,,,,,,
78463,,LSO,Ground,2400,,,,,,,
78465,,LSO,Ground,2400,,,,,,,
78466,,LSO,Ground,2400,,,,,,,
78467,,LSO,Ground,2400,,,,,,,
78468,,LSO,Ground,2400,,,,,,,
78469,,LSO,Ground,2400,,,,,,,
78470,,LSO,Ground,2400,,,,,,,
78471,,LSO,Ground,2400,,,,,,,
78472,,LSO,Ground,2400,,,,,,,
78473,,LSO,Ground,2400,,,,,,,
78474,,LSO,Ground,2400,,,,,,,
78475,,LSO,Ground,2400,,,,,,,
78476,,LSO,Ground,2400,,,,,,,
78477,,LSO,Ground,2400,,,,,,,
78478,,LSO,Ground,2400,,,,,,,
78480,,LSO,Ground,2400,,,,,,,
78501,,LSO,Ecom,2400,,,,,,,
78502,,LSO,Ecom,2400,,,,,,,
78503,,LSO,Ecom,2400,,,,,,,
78504,,LSO,Ecom,2400,,,,,,,
78505,,LSO,Ecom,2400,,,,,,,
78516,,LSO,Ground,2400,,,,,,,
78520,,LSO,Ecom,2400,,,,,,,
78521,,LSO,Ground,2400,,,,,,,
78522,,LSO,Ground,2400,,,,,,,
78523,,LSO,Ground,2400,,,,,,,
78526,,LSO,Ground,2400,,,,,,,
78535,,LSO,Ground,2400,,,,,,,
78536,,LSO,Ground,2400,,,,,,,
78537,,LSO,Ground,2400,,,,,,,
78538,,LSO,Ground,2400,,,,,,,
78539,,LSO,Ecom,2400,,,,,,,
78540,,LSO,Ground,2400,,,,,,,
78541,,LSO,Ground,2400,,,,,,,
78542,,LSO,Ground,2400,,,,,,,
78543,,LSO,Ground,2400,,,,,,,
78545,,LSO,Ground,2400,,,,,,,
78547,,LSO,Ground,2400,,,,,,,
78548,,LSO,Ground,2400,,,,,,,
78549,,LSO,Ground,2400,,,,,,,
78550,,LSO,Ecom,2400,,,,,,,
78551,,LSO,Ground,2400,,,,,,,
78552,,LSO,Ecom,2400,,,,,,,
78553,,LSO,Ground,2400,,,,,,,
78557,,LSO,Ground,2400,,,,,,,
78558,,LSO,Ground,2400,,,,,,,
78559,,LSO,Ecom,2400,,,,,,,
78560,,LSO,Ground,2400,,,,,,,
78561,,LSO,Ground,2400,,,,,,,
78562,,LSO,Ground,2400,,,,,,,
78563,,LSO,Ground,2400,,,,,,,
78564,,LSO,Ground,2400,,,,,,,
78565,,LSO,Ground,2400,,,,,,,
78566,,LSO,Ecom,2400,,,,,,,
78567,,LSO,Ground,2400,,,,,,,
78568,,LSO,Ground,2400,,,,,,,
78569,,LSO,Ground,2400,,,,,,,
78570,,LSO,Ecom,2400,,,,,,,
78572,,LSO,Ecom,2400,,,,,,,
78573,,LSO,Ecom,2400,,,,,,,
78574,,LSO,Ecom,2400,,,,,,,
78575,,LSO,Ground,2400,,,,,,,
78576,,LSO,Ground,2400,,,,,,,
78577,,LSO,Ecom,2400,,,,,,,
78578,,LSO,Ground,2400,,,,,,,
78579,,LSO,Ground,2400,,,,,,,
78580,,LSO,Ecom,2400,,,,,,,
78582,,LSO,Ground,2400,,,,,,,
78583,,LSO,Ground,2400,,,,,,,
78584,,LSO,Ground,2400,,,,,,,
78585,,LSO,Ground,2400,,,,,,,
78586,,LSO,Ecom,2400,,,,,,,
78588,,LSO,Ground,2400,,,,,,,
78589,,LSO,Ground,2400,,,,,,,
78590,,LSO,Ground,2400,,,,,,,
78591,,LSO,Ground,2400,,,,,,,
78592,,LSO,Ground,2400,,,,,,,
78593,,LSO,Ground,2400,,,,,,,
78594,,LSO,Ground,2400,,,,,,,
78595,,LSO,Ground,2400,,,,,,,
78596,,LSO,Ecom,2400,,,,,,,
78597,,LSO,Ground,2400,,,,,,,
78598,,LSO,Ground,2400,,,,,,,
78599,,LSO,Ecom,2400,,,,,,,
78602,,LSO,Ground,2400,,,,,,,
78604,,LSO,Ground,2400,,,,,,,
78605,,LSO,Ground,2400,,,,,,,
78606,,LSO,Ground,2400,,,,,,,
78607,,LSO,Ground,2400,,,,,,,
78608,,LSO,Ground,2400,,,,,,,
78609,,LSO,Ground,2400,,,,,,,
78610,,LSO,Ecom,2400,,,,,,,
78611,,LSO,Ground,2400,,,,,,,
78612,,LSO,Ground,2400,,,,,,,
78613,,LSO,Ecom,2400,,,,,,,
78614,,LSO,Ground,2400,,,,,,,
78615,,LSO,Ground,2400,,,,,,,
78616,,LSO,Ground,2400,,,,,,,
78617,,LSO,Ground,2400,,,,,,,
78618,,LSO,Ground,2400,,,,,,,
78619,,LSO,Ground,2400,,,,,,,
78620,,LSO,Ground,2400,,,,,,,
78621,,LSO,Ecom,2400,,,,,,,
78622,,LSO,Ground,2400,,,,,,,
78623,,LSO,Ground,2400,,,,,,,
78624,,LSO,Ground,2400,,,,,,,
78626,,LSO,Ecom,2400,,,,,,,
78627,,LSO,Ecom,2400,,,,,,,
78628,,LSO,Ecom,2400,,,,,,,
78629,,LSO,Ground,2400,,,,,,,
78630,,LSO,Ecom,2400,,,,,,,
78631,,LSO,Ground,2400,,,,,,,
78632,,LSO,Ground,2400,,,,,,,
78633,,LSO,Ecom,2400,,,,,,,
78634,,LSO,Ecom,2400,,,,,,,
78635,,LSO,Ground,2400,,,,,,,
78636,,LSO,Ground,2400,,,,,,,
78638,,LSO,Ground,2400,,,,,,,
78639,,LSO,Ground,2400,,,,,,,
78640,,LSO,Ecom,2400,,,,,,,
78641,,LSO,Ecom,2400,,,,,,,
78642,,LSO,Ground,2400,,,,,,,
78643,,LSO,Ground,2400,,,,,,,
78644,,LSO,Ground,2400,,,,,,,
78645,,LSO,Ecom,2400,,,,,,,
78646,,LSO,Ecom,2400,,,,,,,
78648,,LSO,Ground,2400,,,,,,,
78650,,LSO,Ground,2400,,,,,,,
78651,,LSO,Ground,2400,,,,,,,
78652,,LSO,Ground,2400,,,,,,,
78653,,LSO,Ecom,2400,,,,,,,
78654,,LSO,Ground,2400,,,,,,,
78655,,LSO,Ground,2400,,,,,,,
78656,,LSO,Ground,2400,,,,,,,
78657,,LSO,Ground,2400,,,,,,,
78658,,LSO,Ground,2400,,,,,,,
78659,,LSO,Ground,2400,,,,,,,
78660,,LSO,Ecom,2400,,,,,,,
78661,,LSO,Ground,2400,,,,,,,
78662,,LSO,Ground,2400,,,,,,,
78663,,LSO,Ground,2400,,,,,,,
78664,,LSO,Ecom,2400,,,,,,,
78665,,LSO,Ecom,2400,,,,,,,
78666,,LSO,Ground,2400,,,,,,,
78667,,LSO,Ground,2400,,,,,,,
78669,,LSO,Ground,2400,,,,,,,
78670,,LSO,Ground,2400,,,,,,,
78671,,LSO,Ground,2400,,,,,,,
78672,,LSO,Ground,2400,,,,,,,
78673,,LSO,Ground,2400,,,,,,,
78674,,LSO,Ground,2400,,,,,,,
78675,,LSO,Ground,2400,,,,,,,
78676,,LSO,Ground,2400,,,,,,,
78677,,LSO,Ground,2400,,,,,,,
78680,,LSO,Ecom,2400,,,,,,,
78681,,LSO,Ecom,2400,,,,,,,
78682,,LSO,Ground,2400,,,,,,,
78683,,LSO,Ground,2400,,,,,,,
78691,,LSO,Ecom,2400,,,,,,,
78701,,LSO,Ecom,2400,,,,,,,
78702,,LSO,Ecom,2400,,,,,,,
78703,,LSO,Ecom,2400,,,,,,,
78704,,LSO,Ecom,2400,,,,,,,
78705,,LSO,Ecom,2400,,,,,,,
78709,,LSO,Ecom,2400,,,,,,,
78710,,LSO,Ecom,2400,,,,,,,
78712,,LSO,Ecom,2400,,,,,,,
78715,,LSO,Ecom,2400,,,,,,,
78716,,LSO,Ecom,2400,,,,,,,
78717,,LSO,Ecom,2400,,,,,,,
78719,,LSO,Ecom,2400,,,,,,,
78721,,LSO,Ecom,2400,,,,,,,
78722,,LSO,Ecom,2400,,,,,,,
78723,,LSO,Ecom,2400,,,,,,,
78724,,LSO,Ecom,2400,,,,,,,
78725,,LSO,Ecom,2400,,,,,,,
78726,,LSO,Ecom,2400,,,,,,,
78727,,LSO,Ecom,2400,,,,,,,
78728,,LSO,Ecom,2400,,,,,,,
78729,,LSO,Ecom,2400,,,,,,,
78730,,LSO,Ecom,2400,,,,,,,
78731,,LSO,Ecom,2400,,,,,,,
78732,,LSO,Ecom,2400,,,,,,,
78733,,LSO,Ecom,2400,,,,,,,
78734,,LSO,Ecom,2400,,,,,,,
78735,,LSO,Ecom,2400,,,,,,,
78736,,LSO,Ecom,2400,,,,,,,
78737,,LSO,Ecom,2400,,,,,,,
78738,,LSO,Ecom,2400,,,,,,,
78739,,LSO,Ecom,2400,,,,,,,
78741,,LSO,Ecom,2400,,,,,,,
78742,,LSO,Ecom,2400,,,,,,,
78744,,LSO,Ecom,2400,,,,,,,
78745,,LSO,Ecom,2400,,,,,,,
78746,,LSO,Ecom,2400,,,,,,,
78747,,LSO,Ecom,2400,,,,,,,
78748,,LSO,Ecom,2400,,,,,,,
78749,,LSO,Ecom,2400,,,,,,,
78750,,LSO,Ecom,2400,,,,,,,
78751,,LSO,Ecom,2400,,,,,,,
78752,,LSO,Ecom,2400,,,,,,,
78753,,LSO,Ecom,2400,,,,,,,
78754,,LSO,Ecom,2400,,,,,,,
78756,,LSO,Ecom,2400,,,,,,,
78757,,LSO,Ecom,2400,,,,,,,
78758,,LSO,Ecom,2400,,,,,,,
78759,,LSO,Ecom,2400,,,,,,,
78760,,LSO,Ecom,2400,,,,,,,
78761,,LSO,Ecom,2400,,,,,,,
78762,,LSO,Ecom,2400,,,,,,,
78763,,LSO,Ecom,2400,,,,,,,
78764,,LSO,Ecom,2400,,,,,,,
78765,,LSO,Ecom,2400,,,,,,,
78766,,LSO,Ecom,2400,,,,,,,
78767,,LSO,Ecom,2400,,,,,,,
78768,,LSO,Ecom,2400,,,,,,,
78769,,LSO,Ecom,2400,,,,,,,
78772,,LSO,Ecom,2400,,,,,,,
78773,,LSO,Ecom,2400,,,,,,,
78774,,LSO,Ecom,2400,,,,,,,
78778,,LSO,Ecom,2400,,,,,,,
78779,,LSO,Ecom,2400,,,,,,,
78780,,LSO,Ecom,2400,,,,,,,
78781,,LSO,Ecom,2400,,,,,,,
78783,,LSO,Ecom,2400,,,,,,,
78785,,LSO,Ecom,2400,,,,,,,
78786,,LSO,Ecom,2400,,,,,,,
78788,,LSO,Ecom,2400,,,,,,,
78789,,LSO,Ecom,2400,,,,,,,
78798,,LSO,Ecom,2400,,,,,,,
78799,,LSO,Ecom,2400,,,,,,,
78801,,LSO,Ground,2400,,,,,,,
78802,,LSO,Ground,2400,,,,,,,
78827,,LSO,Ground,2400,,,,,,,
78828,,LSO,Ground,2400,,,,,,,
78829,,LSO,Ground,2400,,,,,,,
78830,,LSO,Ground,2400,,,,,,,
78832,,LSO,Ground,2400,,,,,,,
78833,,LSO,Ground,2400,,,,,,,
78834,,LSO,Ground,2400,,,,,,,
78836,,LSO,Ground,2400,,,,,,,
78837,,LSO,Ground,2400,,,,,,,
78838,,LSO,Ground,2400,,,,,,,
78839,,LSO,Ground,2400,,,,,,,
78840,,LSO,Ground,2400,,,,,,,
78841,,LSO,Ground,2400,,,,,,,
78842,,LSO,Ground,2400,,,,,,,
78843,,LSO,Ground,2400,,,,,,,
78847,,LSO,Ground,2400,,,,,,,
78850,,LSO,Ground,2400,,,,,,,
78851,,LSO,Ground,2400,,,,,,,
78852,,LSO,Ground,2400,,,,,,,
78853,,LSO,Ground,2400,,,,,,,
78860,,LSO,Ground,2400,,,,,,,
78861,,LSO,Ground,2400,,,,,,,
78870,,LSO,Ground,2400,,,,,,,
78871,,LSO,Ground,2400,,,,,,,
78872,,LSO,Ground,2400,,,,,,,
78873,,LSO,Ground,2400,,,,,,,
78877,,LSO,Ground,2400,,,,,,,
78879,,LSO,Ground,2400,,,,,,,
78880,,LSO,Ground,2400,,,,,,,
78881,,LSO,Ground,2400,,,,,,,
78883,,LSO,Ground,2400,,,,,,,
78884,,LSO,Ground,2400,,,,,,,
78885,,LSO,Ground,2400,,,,,,,
78886,,LSO,Ground,2400,,,,,,,
78931,,LSO,Ground,2400,,,,,,,
78932,,LSO,Ground,2400,,,,,,,
78933,,LSO,Ground,2400,,,,,,,
78934,,LSO,Ground,2400,,,,,,,
78935,,LSO,Ground,2400,,,,,,,
78938,,LSO,Ground,2400,,,,,,,
78940,,LSO,Ground,2400,,,,,,,
78941,,LSO,Ground,2400,,,,,,,
78942,,LSO,Ground,2400,,,,,,,
78943,,LSO,Ground,2400,,,,,,,
78944,,LSO,Ground,2400,,,,,,,
78945,,LSO,Ground,2400,,,,,,,
78946,,LSO,Ground,2400,,,,,,,
78947,,LSO,Ground,2400,,,,,,,
78948,,LSO,Ground,2400,,,,,,,
78949,,LSO,Ground,2400,,,,,,,
78950,,LSO,Ground,2400,,,,,,,
78951,,LSO,Ground,2400,,,,,,,
78952,,LSO,Ground,2400,,,,,,,
78953,,LSO,Ground,2400,,,,,,,
78954,,LSO,Ground,2400,,,,,,,
78956,,LSO,Ground,2400,,,,,,,
78957,,LSO,Ground,2400,,,,,,,
78959,,LSO,Ground,2400,,,,,,,
78960,,LSO,Ground,2400,,,,,,,
78961,,LSO,Ground,2400,,,,,,,
78962,,LSO,Ground,2400,,,,,,,
78963,,LSO,Ground,2400,,,,,,,
79001,,LSO,Ground,2400,,,,,,,
79002,,LSO,Ground,2400,,,,,,,
79003,,LSO,Ground,2400,,,,,,,
79005,,LSO,Ground,2400,,,,,,,
79007,,LSO,Ground,2400,,,,,,,
79008,,LSO,Ground,2400,,,,,,,
79009,,LSO,Ground,2400,,,,,,,
79010,,LSO,Ground,2400,,,,,,,
79011,,LSO,Ground,2400,,,,,,,
79012,,LSO,Ground,2400,,,,,,,
79013,,LSO,Ground,2400,,,,,,,
79014,,LSO,Ground,2400,,,,,,,
79015,,LSO,Ecom,2400,,,,,,,
79016,,LSO,Ground,2400,,,,,,,
79018,,LSO,Ground,2400,,,,,,,
79019,,LSO,Ground,2400,,,,,,,
79021,,LSO,Ground,2400,,,,,,,
79022,,LSO,Ground,2400,,,,,,,
79024,,LSO,Ground,2400,,,,,,,
79025,,LSO,Ground,2400,,,,,,,
79027,,LSO,Ground,2400,,,,,,,
79029,,LSO,Ground,2400,,,,,,,
79031,,LSO,Ground,2400,,,,,,,
79032,,LSO,Ground,2400,,,,,,,
79033,,LSO,Ground,2400,,,,,,,
79034,,LSO,Ground,2400,,,,,,,
79035,,LSO,Ground,2400,,,,,,,
79036,,LSO,Ground,2400,,,,,,,
79039,,LSO,Ground,2400,,,,,,,
79040,,LSO,Ground,2400,,,,,,,
79041,,LSO,Ground,2400,,,,,,,
79042,,LSO,Ground,2400,,,,,,,
79043,,LSO,Ground,2400,,,,,,,
79044,,LSO,Ground,2400,,,,,,,
79045,,LSO,Ground,2400,,,,,,,
79046,,LSO,Ground,2400,,,,,,,
79048,,LSO,Ground,2400,,,,,,,
79051,,LSO,Ground,2400,,,,,,,
79052,,LSO,Ground,2400,,,,,,,
79053,,LSO,Ground,2400,,,,,,,
79054,,LSO,Ground,2400,,,,,,,
79056,,LSO,Ground,2400,,,,,,,
79057,,LSO,Ground,2400,,,,,,,
79058,,LSO,Ground,2400,,,,,,,
79059,,LSO,Ground,2400,,,,,,,
79061,,LSO,Ground,2400,,,,,,,
79062,,LSO,Ground,2400,,,,,,,
79063,,LSO,Ground,2400,,,,,,,
79064,,LSO,Ground,2400,,,,,,,
79065,,LSO,Ground,2400,,,,,,,
79066,,LSO,Ground,2400,,,,,,,
79068,,LSO,Ground,2400,,,,,,,
79070,,LSO,Ground,2400,,,,,,,
79072,,LSO,Ground,2400,,,,,,,
79073,,LSO,Ground,2400,,,,,,,
79077,,LSO,Ground,2400,,,,,,,
79078,,LSO,Ground,2400,,,,,,,
79079,,LSO,Ground,2400,,,,,,,
79080,,LSO,Ground,2400,,,,,,,
79081,,LSO,Ground,2400,,,,,,,
79082,,LSO,Ground,2400,,,,,,,
79083,,LSO,Ground,2400,,,,,,,
79084,,LSO,Ground,2400,,,,,,,
79085,,LSO,Ground,2400,,,,,,,
79086,,LSO,Ground,2400,,,,,,,
79087,,LSO,Ground,2400,,,,,,,
79088,,LSO,Ground,2400,,,,,,,
79091,,LSO,Ground,2400,,,,,,,
79092,,LSO,Ground,2400,,,,,,,
79093,,LSO,Ground,2400,,,,,,,
79094,,LSO,Ground,2400,,,,,,,
79095,,LSO,Ground,2400,,,,,,,
79096,,LSO,Ground,2400,,,,,,,
79097,,LSO,Ground,2400,,,,,,,
79098,,LSO,Ground,2400,,,,,,,
79101,,LSO,Ecom,2400,,,,,,,
79102,,LSO,Ecom,2400,,,,,,,
79103,,LSO,Ecom,2400,,,,,,,
79104,,LSO,Ecom,2400,,,,,,,
79105,,LSO,Ground,2400,,,,,,,
79106,,LSO,Ecom,2400,,,,,,,
79107,,LSO,Ecom,2400,,,,,,,
79108,,LSO,Ecom,2400,,,,,,,
79109,,LSO,Ecom,2400,,,,,,,
79110,,LSO,Ecom,2400,,,,,,,
79111,,LSO,Ground,2400,,,,,,,
79112,,LSO,Ground,2400,,,,,,,
79113,,LSO,Ground,2400,,,,,,,
79114,,LSO,Ground,2400,,,,,,,
79116,,LSO,Ground,2400,,,,,,,
79117,,LSO,Ground,2400,,,,,,,
79118,,LSO,Ecom,2400,,,,,,,
79119,,LSO,Ecom,2400,,,,,,,
79120,,LSO,Ground,2400,,,,,,,
79121,,LSO,Ecom,2400,,,,,,,
79122,,LSO,Ground,2400,,,,,,,
79123,,LSO,Ground,2400,,,,,,,
79124,,LSO,Ecom,2400,,,,,,,
79126,,LSO,Ground,2400,,,,,,,
79127,,LSO,Ground,2400,,,,,,,
79159,,LSO,Ground,2400,,,,,,,
79160,,LSO,Ground,2400,,,,,,,
79166,,LSO,Ground,2400,,,,,,,
79168,,LSO,Ground,2400,,,,,,,
79172,,LSO,Ground,2400,,,,,,,
79174,,LSO,Ground,2400,,,,,,,
79178,,LSO,Ground,2400,,,,,,,
79185,,LSO,Ground,2400,,,,,,,
79187,,LSO,Ground,2400,,,,,,,
79189,,LSO,Ground,2400,,,,,,,
79201,,LSO,Ground,2400,,,,,,,
79220,,LSO,Ground,2400,,,,,,,
79221,,LSO,Ground,2400,,,,,,,
79223,,LSO,Ground,2400,,,,,,,
79225,,LSO,Ground,2400,,,,,,,
79226,,LSO,Ground,2400,,,,,,,
79227,,LSO,Ground,2400,,,,,,,
79229,,LSO,Ground,2400,,,,,,,
79230,,LSO,Ground,2400,,,,,,,
79231,,LSO,Ground,2400,,,,,,,
79233,,LSO,Ground,2400,,,,,,,
79234,,LSO,Ground,2400,,,,,,,
79235,,LSO,Ground,2400,,,,,,,
79236,,LSO,Ground,2400,,,,,,,
79237,,LSO,Ground,2400,,,,,,,
79239,,LSO,Ground,2400,,,,,,,
79240,,LSO,Ground,2400,,,,,,,
79241,,LSO,Ground,2400,,,,,,,
79243,,LSO,Ground,2400,,,,,,,
79244,,LSO,Ground,2400,,,,,,,
79245,,LSO,Ground,2400,,,,,,,
79247,,LSO,Ground,2400,,,,,,,
79248,,LSO,Ground,2400,,,,,,,
79250,,LSO,Ground,2400,,,,,,,
79251,,LSO,Ground,2400,,,,,,,
79252,,LSO,Ground,2400,,,,,,,
79255,,LSO,Ground,2400,,,,,,,
79256,,LSO,Ground,2400,,,,,,,
79257,,LSO,Ground,2400,,,,,,,
79258,,LSO,Ground,2400,,,,,,,
79259,,LSO,Ground,2400,,,,,,,
79261,,LSO,Ground,2400,,,,,,,
79311,,LSO,Ground,2400,,,,,,,
79312,,LSO,Ground,2400,,,,,,,
79313,,LSO,Ground,2400,,,,,,,
79314,,LSO,Ground,2400,,,,,,,
79316,,LSO,Ground,2400,,,,,,,
79320,,LSO,Ground,2400,,,,,,,
79322,,LSO,Ground,2400,,,,,,,
79323,,LSO,Ground,2400,,,,,,,
79324,,LSO,Ground,2400,,,,,,,
79325,,LSO,Ground,2400,,,,,,,
79326,,LSO,Ground,2400,,,,,,,
79329,,LSO,Ground,2400,,,,,,,
79330,,LSO,Ground,2400,,,,,,,
79331,,LSO,Ground,2400,,,,,,,
79336,,LSO,Ground,2400,,,,,,,
79338,,LSO,Ground,2400,,,,,,,
79339,,LSO,Ground,2400,,,,,,,
79342,,LSO,Ground,2400,,,,,,,
79343,,LSO,Ground,2400,,,,,,,
79344,,LSO,Ground,2400,,,,,,,
79345,,LSO,Ground,2400,,,,,,,
79346,,LSO,Ground,2400,,,,,,,
79347,,LSO,Ground,2400,,,,,,,
79350,,LSO,Ground,2400,,,,,,,
79351,,LSO,Ground,2400,,,,,,,
79353,,LSO,Ground,2400,,,,,,,
79355,,LSO,Ground,2400,,,,,,,
79356,,LSO,Ground,2400,,,,,,,
79357,,LSO,Ground,2400,,,,,,,
79358,,LSO,Ground,2400,,,,,,,
79359,,LSO,Ground,2400,,,,,,,
79360,,LSO,Ground,2400,,,,,,,
79363,,LSO,Ground,2400,,,,,,,
79364,,LSO,Ground,2400,,,,,,,
79366,,LSO,Ground,2400,,,,,,,
79367,,LSO,Ground,2400,,,,,,,
79369,,LSO,Ground,2400,,,,,,,
79370,,LSO,Ground,2400,,,,,,,
79371,,LSO,Ground,2400,,,,,,,
79372,,LSO,Ground,2400,,,,,,,
79373,,LSO,Ground,2400,,,,,,,
79376,,LSO,Ground,2400,,,,,,,
79377,,LSO,Ground,2400,,,,,,,
79378,,LSO,Ground,2400,,,,,,,
79379,,LSO,Ground,2400,,,,,,,
79380,,LSO,Ground,2400,,,,,,,
79381,,LSO,Ground,2400,,,,,,,
79382,,LSO,Ecom,2400,,,,,,,
79383,,LSO,Ground,2400,,,,,,,
79401,,LSO,Ground,2400,,,,,,,
79402,,LSO,Ground,2400,,,,,,,
79403,,LSO,Ecom,2400,,,,,,,
79404,,LSO,Ecom,2400,,,,,,,
79405,,LSO,Ground,2400,,,,,,,
79406,,LSO,Ground,2400,,,,,,,
79407,,LSO,Ecom,2400,,,,,,,
79408,,LSO,Ground,2400,,,,,,,
79409,,LSO,Ground,2400,,,,,,,
79410,,LSO,Ground,2400,,,,,,,
79411,,LSO,Ground,2400,,,,,,,
79412,,LSO,Ecom,2400,,,,,,,
79413,,LSO,Ecom,2400,,,,,,,
79414,,LSO,Ecom,2400,,,,,,,
79415,,LSO,Ecom,2400,,,,,,,
79416,,LSO,Ecom,2400,,,,,,,
79423,,LSO,Ecom,2400,,,,,,,
79424,,LSO,Ecom,2400,,,,,,,
79430,,LSO,Ground,2400,,,,,,,
79452,,LSO,Ground,2400,,,,,,,
79453,,LSO,Ground,2400,,,,,,,
79457,,LSO,Ground,2400,,,,,,,
79464,,LSO,Ground,2400,,,,,,,
79489,,LSO,Ground,2400,,,,,,,
79490,,LSO,Ground,2400,,,,,,,
79491,,LSO,Ground,2400,,,,,,,
79493,,LSO,Ground,2400,,,,,,,
79499,,LSO,Ground,2400,,,,,,,
79501,,LSO,Ground,2400,,,,,,,
79502,,LSO,Ground,2400,,,,,,,
79503,,LSO,Ground,2400,,,,,,,
79504,,LSO,Ground,2400,,,,,,,
79505,,LSO,Ground,2400,,,,,,,
79506,,LSO,Ground,2400,,,,,,,
79508,,LSO,Ground,2400,,,,,,,
79510,,LSO,Ground,2400,,,,,,,
79511,,LSO,Ground,2400,,,,,,,
79512,,LSO,Ground,2400,,,,,,,
79516,,LSO,Ground,2400,,,,,,,
79517,,LSO,Ground,2400,,,,,,,
79518,,LSO,Ground,2400,,,,,,,
79519,,LSO,Ground,2400,,,,,,,
79520,,LSO,Ground,2400,,,,,,,
79521,,LSO,Ground,2400,,,,,,,
79525,,LSO,Ground,2400,,,,,,,
79526,,LSO,Ground,2400,,,,,,,
79527,,LSO,Ground,2400,,,,,,,
79528,,LSO,Ground,2400,,,,,,,
79529,,LSO,Ground,2400,,,,,,,
79530,,LSO,Ground,2400,,,,,,,
79532,,LSO,Ground,2400,,,,,,,
79533,,LSO,Ground,2400,,,,,,,
79534,,LSO,Ground,2400,,,,,,,
79535,,LSO,Ground,2400,,,,,,,
79536,,LSO,Ground,2400,,,,,,,
79537,,LSO,Ground,2400,,,,,,,
79538,,LSO,Ground,2400,,,,,,,
79539,,LSO,Ground,2400,,,,,,,
79540,,LSO,Ground,2400,,,,,,,
79541,,LSO,Ground,2400,,,,,,,
79543,,LSO,Ground,2400,,,,,,,
79544,,LSO,Ground,2400,,,,,,,
79545,,LSO,Ground,2400,,,,,,,
79546,,LSO,Ground,2400,,,,,,,
79547,,LSO,Ground,2400,,,,,,,
79548,,LSO,Ground,2400,,,,,,,
79549,,LSO,Ground,2400,,,,,,,
79550,,LSO,Ground,2400,,,,,,,
79553,,LSO,Ground,2400,,,,,,,
79556,,LSO,Ground,2400,,,,,,,
79560,,LSO,Ground,2400,,,,,,,
79561,,LSO,Ground,2400,,,,,,,
79562,,LSO,Ground,2400,,,,,,,
79563,,LSO,Ground,2400,,,,,,,
79565,,LSO,Ground,2400,,,,,,,
79566,,LSO,Ground,2400,,,,,,,
79567,,LSO,Ground,2400,,,,,,,
79601,,LSO,Ecom,2400,,,,,,,
79602,,LSO,Ecom,2400,,,,,,,
79603,,LSO,Ecom,2400,,,,,,,
79604,,LSO,Ground,2400,,,,,,,
79605,,LSO,Ecom,2400,,,,,,,
79606,,LSO,Ecom,2400,,,,,,,
79607,,LSO,Ground,2400,,,,,,,
79608,,LSO,Ground,2400,,,,,,,
79697,,LSO,Ground,2400,,,,,,,
79698,,LSO,Ground,2400,,,,,,,
79699,,LSO,Ground,2400,,,,,,,
79701,,LSO,Ecom,2400,,,,,,,
79702,,LSO,Ground,2400,,,,,,,
79703,,LSO,Ecom,2400,,,,,,,
79704,,LSO,Ground,2400,,,,,,,
79705,,LSO,Ecom,2400,,,,,,,
79706,,LSO,Ecom,2400,,,,,,,
79707,,LSO,Ecom,2400,,,,,,,
79708,,LSO,Ground,2400,,,,,,,
79710,,LSO,Ground,2400,,,,,,,
79711,,LSO,Ground,2400,,,,,,,
79712,,LSO,Ground,2400,,,,,,,
79713,,LSO,Ground,2400,,,,,,,
79714,,LSO,Ground,2400,,,,,,,
79718,,LSO,Ground,2400,,,,,,,
79719,,LSO,Ground,2400,,,,,,,
79720,,LSO,Ground,2400,,,,,,,
79721,,LSO,Ground,2400,,,,,,,
79730,,LSO,Ground,2400,,,,,,,
79731,,LSO,Ground,2400,,,,,,,
79733,,LSO,Ground,2400,,,,,,,
79734,,LSO,Ground,2400,,,,,,,
79735,,LSO,Ground,2400,,,,,,,
79738,,LSO,Ground,2400,,,,,,,
79739,,LSO,Ground,2400,,,,,,,
79740,,LSO,Ground,2400,,,,,,,
79741,,LSO,Ground,2400,,,,,,,
79742,,LSO,Ground,2400,,,,,,,
79743,,LSO,Ground,2400,,,,,,,
79744,,LSO,Ground,2400,,,,,,,
79745,,LSO,Ground,2400,,,,,,,
79748,,LSO,Ground,2400,,,,,,,
79749,,LSO,Ground,2400,,,,,,,
79752,,LSO,Ground,2400,,,,,,,
79754,,LSO,Ground,2400,,,,,,,
79755,,LSO,Ground,2400,,,,,,,
79756,,LSO,Ground,2400,,,,,,,
79758,,LSO,Ground,2400,,,,,,,
79759,,LSO,Ground,2400,,,,,,,
79760,,LSO,Ground,2400,,,,,,,
79761,,LSO,Ecom,2400,,,,,,,
79762,,LSO,Ecom,2400,,,,,,,
79763,,LSO,Ecom,2400,,,,,,,
79764,,LSO,Ecom,2400,,,,,,,
79765,,LSO,Ecom,2400,,,,,,,
79766,,LSO,Ground,2400,,,,,,,
79768,,LSO,Ground,2400,,,,,,,
79769,,LSO,Ground,2400,,,,,,,
79770,,LSO,Ground,2400,,,,,,,
79772,,LSO,Ground,2400,,,,,,,
79776,,LSO,Ground,2400,,,,,,,
79777,,LSO,Ground,2400,,,,,,,
79778,,LSO,Ground,2400,,,,,,,
79780,,LSO,Ground,2400,,,,,,,
79781,,LSO,Ground,2400,,,,,,,
79782,,LSO,Ground,2400,,,,,,,
79783,,LSO,Ground,2400,,,,,,,
79785,,LSO,Ground,2400,,,,,,,
79786,,LSO,Ground,2400,,,,,,,
79788,,LSO,Ground,2400,,,,,,,
79789,,LSO,Ground,2400,,,,,,,
79821,,LSO,Ground,2400,,,,,,,
79830,,LSO,Ground,2400,,,,,,,
79831,,LSO,Ground,2400,,,,,,,
79832,,LSO,Ground,2400,,,,,,,
79834,,LSO,Ground,2400,,,,,,,
79835,,LSO,Ecom,2400,,,,,,,
79836,,LSO,Ground,2400,,,,,,,
79837,,LSO,Ground,2400,,,,,,,
79838,,LSO,Ground,2400,,,,,,,
79839,,LSO,Ground,2400,,,,,,,
79842,,LSO,Ground,2400,,,,,,,
79843,,LSO,Ground,2400,,,,,,,
79845,,LSO,Ground,2400,,,,,,,
79846,,LSO,Ground,2400,,,,,,,
79847,,LSO,Ground,2400,,,,,,,
79848,,LSO,Ground,2400,,,,,,,
79849,,LSO,Ground,2400,,,,,,,
79851,,LSO,Ground,2400,,,,,,,
79852,,LSO,Ground,2400,,,,,,,
79853,,LSO,Ground,2400,,,,,,,
79854,,LSO,Ground,2400,,,,,,,
79855,,LSO,Ground,2400,,,,,,,
79901,,LSO,Ecom,2400,,,,,,,
79902,,LSO,Ecom,2400,,,,,,,
79903,,LSO,Ecom,2400,,,,,,,
79904,,LSO,Ecom,2400,,,,,,,
79905,,LSO,Ecom,2400,,,,,,,
79906,,LSO,Ecom,2400,,,,,,,
79907,,LSO,Ecom,2400,,,,,,,
79908,,LSO,Ecom,2400,,,,,,,
79910,,LSO,Ground,2400,,,,,,,
79911,,LSO,Ground,2400,,,,,,,
79912,,LSO,Ecom,2400,,,,,,,
79913,,LSO,Ground,2400,,,,,,,
79914,,LSO,Ground,2400,,,,,,,
79915,,LSO,Ecom,2400,,,,,,,
79916,,LSO,Ground,2400,,,,,,,
79917,,LSO,Ground,2400,,,,,,,
79918,,LSO,Ground,2400,,,,,,,
79920,,LSO,Ground,2400,,,,,,,
79922,,LSO,Ecom,2400,,,,,,,
79923,,LSO,Ground,2400,,,,,,,
79924,,LSO,Ecom,2400,,,,,,,
79925,,LSO,Ecom,2400,,,,,,,
79926,,LSO,Ground,2400,,,,,,,
79927,,LSO,Ecom,2400,,,,,,,
79928,,LSO,Ecom,2400,,,,,,,
79929,,LSO,Ground,2400,,,,,,,
79930,,LSO,Ecom,2400,,,,,,,
79931,,LSO,Ground,2400,,,,,,,
79932,,LSO,Ecom,2400,,,,,,,
79934,,LSO,Ecom,2400,,,,,,,
79935,,LSO,Ecom,2400,,,,,,,
79936,,LSO,Ecom,2400,,,,,,,
79937,,LSO,Ground,2400,,,,,,,
79938,,LSO,Ecom,2400,,,,,,,
79940,,LSO,Ground,2400,,,,,,,
79941,,LSO,Ground,2400,,,,,,,
79942,,LSO,Ground,2400,,,,,,,
79943,,LSO,Ground,2400,,,,,,,
79944,,LSO,Ground,2400,,,,,,,
79945,,LSO,Ground,2400,,,,,,,
79946,,LSO,Ground,2400,,,,,,,
79947,,LSO,Ground,2400,,,,,,,
79948,,LSO,Ground,2400,,,,,,,
79949,,LSO,Ground,2400,,,,,,,
79950,,LSO,Ground,2400,,,,,,,
79951,,LSO,Ground,2400,,,,,,,
79952,,LSO,Ground,2400,,,,,,,
79953,,LSO,Ground,2400,,,,,,,
79954,,LSO,Ground,2400,,,,,,,
79955,,LSO,Ground,2400,,,,,,,
79958,,LSO,Ground,2400,,,,,,,
79960,,LSO,Ground,2400,,,,,,,
79961,,LSO,Ground,2400,,,,,,,
79968,,LSO,Ground,2400,,,,,,,
79976,,LSO,Ground,2400,,,,,,,
79978,,LSO,Ground,2400,,,,,,,
79980,,LSO,Ground,2400,,,,,,,
79990,,LSO,Ground,2400,,,,,,,
79995,,LSO,Ground,2400,,,,,,,
79996,,LSO,Ground,2400,,,,,,,
79997,,LSO,Ground,2400,,,,,,,
79998,,LSO,Ground,2400,,,,,,,
79999,,LSO,Ground,2400,,,,,,,
88001,,LSO,Ground,2400,,,,,,,
88003,,LSO,Ground,2400,,,,,,,
88005,,LSO,Ground,2400,,,,,,,
88011,,LSO,Ground,2400,,,,,,,
88012,,LSO,Ground,2400,,,,,,,
88021,,LSO,Ground,2400,,,,,,,
88101,,LSO,Ground,2400,,,,,,,
88130,,LSO,Ground,2400,,,,,,,
88240,,LSO,Ground,2400,,,,,,,
88241,,LSO,Ground,2400,,,,,,,